signal_et,nq_ret1,es_ret1,max_abs_1m
2022-10-13T12:31:00Z,-0.0353061349506009,-0.0241564384985261,0.0353061349506009
2022-07-13T12:31:00Z,-0.0265843685382437,-0.0180456024691746,0.0265843685382437
2025-04-09T17:20:00Z,0.0263199041220338,0.0254675640739804,0.0263199041220338
2022-11-10T13:31:00Z,0.0258375965770132,0.0208956942382416,0.0258375965770132
2020-03-03T15:01:00Z,0.0216322090109367,0.0219149190043945,0.0219149190043945
2022-09-13T12:31:00Z,-0.0218005699596338,-0.0217214153272209,0.0218005699596338
2025-04-06T22:03:00Z,-0.00513257747525778,-0.020838887362406,0.020838887362406
2022-12-02T13:31:00Z,-0.0194490495196164,-0.0145816608963192,0.0194490495196164
2025-04-09T07:03:00Z,0.0193947055655313,0.0185597025682517,0.0193947055655313
2020-03-17T20:00:00Z,0.00578561269413378,0.0179115173960874,0.0179115173960874
2025-04-07T14:19:00Z,-0.0177032320127191,-0.0144381037127388,0.0177032320127191
2020-03-18T20:00:00Z,0.0172146583416578,0.0129346143187083,0.0172146583416578
2025-04-07T15:15:00Z,-0.0169794565794573,-0.0150453199284145,0.0169794565794573
2020-03-15T22:02:00Z,-0.0095001117042,0.0169455014544557,0.0169455014544557
2025-04-07T14:11:00Z,0.0167897376923005,0.0158374912630872,0.0167897376923005
2022-12-13T13:31:00Z,0.0166932229416603,0.0092437375778263,0.0166932229416603
2025-04-09T17:29:00Z,-0.0163362308884486,-0.0125976330589192,0.0163362308884486
2022-11-02T18:37:00Z,-0.015469386827051,-0.0115943327809193,0.015469386827051
2022-12-09T13:31:00Z,-0.0153468890661307,-0.0116694798868997,0.0153468890661307
2022-12-13T13:30:00Z,0.0153463213931561,0.0104479946426514,0.0153463213931561
2022-06-10T12:31:00Z,-0.0149664468137868,-0.010384829017744,0.0149664468137868
2020-03-17T20:01:00Z,-0.00676440008854204,-0.0144228520087842,0.0144228520087842
2020-03-22T23:40:00Z,0.00603106701334984,0.0143461415252468,0.0143461415252468
2025-04-06T22:04:00Z,0.0127004398633084,0.01428082008713,0.01428082008713
2025-04-09T11:01:00Z,-0.0141446725649149,-0.0112728283474717,0.0141446725649149
2020-03-26T19:51:00Z,0.0123166543419763,0.0138186476822849,0.0138186476822849
2025-04-09T17:21:00Z,0.00467540165905776,0.013756957522238,0.013756957522238
2024-06-19T00:01:00Z,0.0137057509098319,0.0123876985343784,0.0137057509098319
2025-04-07T14:14:00Z,0.0136100069076659,0.0130009535365526,0.0136100069076659
2020-04-12T22:17:00Z,-0.00972644560398904,-0.013524833776878,0.013524833776878
2024-12-19T00:01:00Z,0.0132961209992297,0.00029451982962446,0.0132961209992297
2024-04-10T12:31:00Z,-0.0130415234228409,-0.0103450020383769,0.0130415234228409
2022-08-10T12:31:00Z,0.0129770930781254,0.00925988217172497,0.0129770930781254
2022-09-21T18:01:00Z,-0.0129476692955486,-0.00985166204902443,0.0129476692955486
2020-03-16T20:01:00Z,0.0128415550376615,0.00875918008988155,0.0128415550376615
2023-12-13T00:01:00Z,0.012786890582525,0.011062828269092,0.012786890582525
2020-03-16T19:45:00Z,0.0123413544613997,0.0126032714924767,0.0126032714924767
2025-04-07T00:05:00Z,-0.0125943027478232,-0.00883312271044174,0.0125943027478232
2022-05-11T12:31:00Z,-0.0125584642305299,-0.00934528014931619,0.0125584642305299
2023-09-13T00:01:00Z,0.012526327569649,0.0108030898070745,0.012526327569649
2020-03-18T13:32:00Z,0.0124313194459519,0.00737466469126715,0.0124313194459519
2023-06-14T00:01:00Z,0.0122895039039308,0.0101841405914181,0.0122895039039308
2020-03-23T12:05:00Z,0.0106383982050558,0.0121736784509084,0.0121736784509084
2022-06-15T18:39:00Z,0.0121693936106089,0.00948314411382948,0.0121693936106089
2024-09-18T00:01:00Z,0.0121252283235072,0.0108371104659045,0.0121252283235072
2020-03-22T22:03:00Z,-0.0120936756740771,-0.00970050402728121,0.0120936756740771
2024-12-18T00:01:00Z,0,0.0120760524460634,0.0120760524460634
2020-03-09T13:51:00Z,0.00878575833895724,0.0120560415403817,0.0120560415403817
2025-04-07T17:01:00Z,0.0119979258459413,0.0108747999237274,0.0119979258459413
2020-03-18T19:58:00Z,-0.0119867467295259,-0.011726931706266,0.0119867467295259
2020-03-12T17:08:00Z,-0.0119147582710664,-0.0103667293904334,0.0119147582710664
2020-03-23T12:12:00Z,0.0112248976253541,0.0118563416399571,0.0118563416399571
2022-10-07T12:31:00Z,-0.0117416473511807,-0.00979452811238214,0.0117416473511807
2025-04-07T14:21:00Z,-0.0116625105291716,-0.00976277629949107,0.0116625105291716
2023-01-12T13:30:00Z,-0.0115628401736165,-0.00500188613182208,0.0115628401736165
2020-03-17T13:34:00Z,-0.00853697577863934,-0.0112349256507828,0.0112349256507828
2025-04-07T14:35:00Z,-0.0112260304463474,-0.00938046868543608,0.0112260304463474
2020-03-13T19:34:00Z,-0.0111680543681972,-0.0102977421545558,0.0111680543681972
2020-03-26T12:31:00Z,0.0105292732838326,0.0108365785152005,0.0108365785152005
2020-03-12T17:04:00Z,0.010807758187872,0.00886606694356847,0.010807758187872
2025-04-07T14:12:00Z,0.00927153326366587,0.010778078077778,0.010778078077778
2025-02-12T13:31:00Z,-0.0107675896806931,-0.00927554831160965,0.0107675896806931
2020-03-12T20:03:00Z,-0.0101600901637259,-0.0107386301936938,0.0107386301936938
2020-03-23T12:21:00Z,0.0102927560441107,0.0107293747193335,0.0107293747193335
2020-04-07T19:51:00Z,-0.0105022600988805,-0.0107182162200241,0.0107182162200241
2025-06-18T00:01:00Z,0.0106665842895878,0.00929347606909565,0.0106665842895878
2022-10-13T15:21:00Z,0.0106109070302078,0.00895878088894753,0.0106109070302078
2021-05-12T12:31:00Z,-0.0105514385946163,-0.00649609181167558,0.0105514385946163
2020-03-25T19:51:00Z,-0.00910547298620208,-0.0105396207758849,0.0105396207758849
2023-03-15T00:01:00Z,0.0104399129398201,0.00825820980886449,0.0104399129398201
2023-10-06T12:31:00Z,-0.0104189596587572,-0.0078317174117888,0.0104189596587572
2020-03-22T23:41:00Z,-0.00670343639357916,-0.0103404137083199,0.0103404137083199
2022-12-14T00:01:00Z,0.0103360093306621,0.00847961011980285,0.0103360093306621
2022-08-05T12:31:00Z,-0.0103354742151802,-0.00778354911596449,0.0103354742151802
2025-04-02T20:14:00Z,0.0103033239920393,0.00781885303345813,0.0103033239920393
2020-03-16T22:02:00Z,0.00790656846641472,0.010264922815691,0.010264922815691
2022-04-28T20:02:00Z,-0.0102233371187581,-0.0038630425564541,0.0102233371187581
2020-03-13T19:58:00Z,0.0100766158748218,0.00927189971772516,0.0100766158748218
2025-03-20T00:01:00Z,0.0100634515139534,-0.000304513324810942,0.0100634515139534
2022-10-27T20:02:00Z,-0.0100548271975586,-0.00557506445147429,0.0100548271975586
2020-03-16T20:02:00Z,0.00993766246031551,0.00940332426105487,0.00993766246031551
2020-03-17T13:33:00Z,0.00885069033582484,0.00990056568887426,0.00990056568887426
2025-04-16T08:28:00Z,0.00988400801988048,0.00911464643409856,0.00988400801988048
2020-03-23T13:52:00Z,0.00987253100417538,0.00800716021878081,0.00987253100417538
2022-05-05T19:51:00Z,0.00981166498391582,0.0086071570280973,0.00981166498391582
2023-04-12T12:31:00Z,0.00975859231794293,0.00596225681441804,0.00975859231794293
2020-03-12T17:02:00Z,0.00930331008635185,0.00972798425223819,0.00972798425223819
2025-04-02T20:27:00Z,-0.00970716390884326,-0.00886836593603495,0.00970716390884326
2023-11-14T13:31:00Z,0.00968518983072662,0.00814954629843825,0.00968518983072662
2025-09-18T00:01:00Z,0.00960798919834848,-0.000187052244237054,0.00960798919834848
2020-03-12T16:54:00Z,0.00788237599568974,0.00957133953499487,0.00957133953499487
2020-03-22T23:39:00Z,0.00949225803995513,0.00275608810197998,0.00949225803995513
2025-04-06T22:06:00Z,-0.00717075253389558,-0.00945682126126695,0.00945682126126695
2020-03-17T19:59:00Z,-0.00943482412922308,-0.00825341531894241,0.00943482412922308
2020-03-13T19:39:00Z,0.00905343695617058,0.00942532362588543,0.00942532362588543
2019-08-15T11:30:00Z,0.00938503623770796,0.00781631345180505,0.00938503623770796
2025-04-07T14:17:00Z,0.00917317761285351,0.00934942891262792,0.00934942891262792
2020-03-17T13:46:00Z,0.00866755819900292,0.00926269827039971,0.00926269827039971
2022-02-03T21:02:00Z,0.00924558675627125,0.00435244256092726,0.00924558675627125
2022-11-02T18:01:00Z,0.00920156901533798,0.00640343703520701,0.00920156901533798
2022-12-14T19:35:00Z,-0.00918245045537511,-0.00753592455600915,0.00918245045537511
2025-03-19T00:01:00Z,0.00012816897815601,0.00916401924164998,0.00916401924164998
2025-05-12T07:01:00Z,0.00895629534516618,0.00914824711007099,0.00914824711007099
2020-03-12T16:58:00Z,0.0087671975718562,0.00913958719820245,0.00913958719820245
2020-03-20T08:04:00Z,0.00911865424650363,0.00486767009195924,0.00911865424650363
2020-03-13T05:04:00Z,0.00668921643781872,0.00911529149026549,0.00911529149026549
2024-08-05T14:01:00Z,0.00873781160411534,0.00910142324040443,0.00910142324040443
2020-03-23T13:33:00Z,0.00899480771213866,0.00762813936030171,0.00899480771213866
2020-03-13T05:47:00Z,-0.00850319333174296,-0.00899171119196407,0.00899171119196407
2020-03-19T19:51:00Z,-0.00898117960716218,-0.00653021237409976,0.00898117960716218
2023-02-14T13:33:00Z,0.00897472468198164,0.00660266504335198,0.00897472468198164
2022-08-26T14:10:00Z,0.00893756366255192,0.00626774175435967,0.00893756366255192
2025-12-17T00:01:00Z,0.00893226395550276,0.00770193787487336,0.00893226395550276
2020-03-16T13:55:00Z,0.00739540986768961,0.00891901960416611,0.00891901960416611
2020-03-16T14:40:00Z,0.0082377238291812,0.00890673889050509,0.00890673889050509
2025-01-15T13:31:00Z,0.00889147658167335,0.00700483917504809,0.00889147658167335
2025-04-09T17:37:00Z,-0.00888871050030303,-0.00817278753893353,0.00888871050030303
2020-03-15T22:04:00Z,-0.00886355050389311,-0.00583147773666743,0.00886355050389311
2020-03-18T20:01:00Z,-0.00783580251249688,-0.00881525280302964,0.00881525280302964
2020-03-12T17:13:00Z,-0.00775184894803251,-0.00878596045187195,0.00878596045187195
2025-04-09T17:32:00Z,0.00876926413408768,0.00661896560382185,0.00876926413408768
2020-03-18T13:34:00Z,0.0087391974993287,0.00785138814723399,0.0087391974993287
2020-03-12T13:55:00Z,0.0087197526046991,0.00379015015857878,0.0087197526046991
2020-03-17T08:23:00Z,0,-0.00870832789178431,0.00870832789178431
2025-09-17T00:01:00Z,6.17144267953903e-05,0.00869194417374829,0.00869194417374829
2025-04-07T14:51:00Z,0.0086746156742622,0.00689386224452548,0.0086746156742622
2025-04-09T17:26:00Z,0.00866450963145071,0.00701889496220503,0.00866450963145071
2024-08-05T12:38:00Z,0.00866153347357695,0.00389351735353856,0.00866153347357695
2024-05-03T12:31:00Z,0.00865551209622499,0.00750966614991239,0.00865551209622499
2020-03-25T13:31:00Z,-0.00850729575895705,-0.00862959947496018,0.00862959947496018
2025-04-07T10:03:00Z,0.0085201150353048,0.0081855845864395,0.0085201150353048
2020-03-18T19:54:00Z,0.00789063415021466,0.00848811462281412,0.00848811462281412
2020-03-13T19:32:00Z,-0.00843942943058184,-0.00748630203878656,0.00843942943058184
2022-09-30T12:31:00Z,-0.00842536134347907,-0.00607406747193484,0.00842536134347907
2025-04-09T17:47:00Z,0.00842290954552965,0.00729452406857025,0.00842290954552965
2022-03-08T14:36:00Z,0.00840380576868216,0.00493593223595117,0.00840380576868216
2020-03-23T12:18:00Z,0.00831670735404503,0.00833605340206127,0.00833605340206127
2020-03-26T13:31:00Z,0.00833420837510086,0.0065960662896586,0.00833420837510086
2022-04-12T12:31:00Z,0.00833205196099689,0.00468781745774299,0.00833205196099689
2020-03-12T17:17:00Z,-0.0083231009301863,-0.00696260428071906,0.0083231009301863
2020-06-23T02:00:00Z,0.00618950757359829,0.00831353914490714,0.00831353914490714
2023-01-06T13:31:00Z,0.00827846096804226,0.00625980134850673,0.00827846096804226
2020-03-27T19:51:00Z,-0.00801317916660391,-0.00827835613656392,0.00827835613656392
2025-04-07T14:23:00Z,-0.00570436133461364,-0.00824053228402832,0.00824053228402832
2020-03-17T19:55:00Z,0.00822578214687604,0.00788860249445625,0.00822578214687604
2022-11-15T13:31:00Z,0.00822294104312015,0.00578341837761878,0.00822294104312015
2020-03-18T20:07:00Z,0.00812324071431496,0.00821936687887213,0.00821936687887213
2025-04-07T14:29:00Z,-0.00821553827947723,-0.00712133962520258,0.00821553827947723
2023-02-03T13:31:00Z,-0.00821477163286475,-0.00571172453158492,0.00821477163286475
2019-05-06T21:00:00Z,-0.00817171487447535,-0.00702057678120391,0.00817171487447535
2025-04-23T13:38:00Z,0.00816932447140463,0.0079145825682438,0.00816932447140463
2019-10-03T14:01:00Z,-0.00815438090440244,-0.00720520500701374,0.00815438090440244
2020-03-17T19:02:00Z,-0.0078197114201193,-0.00815098852429155,0.00815098852429155
2022-10-12T12:31:00Z,-0.0081374874549925,-0.00642866763142283,0.0081374874549925
2025-08-22T14:01:00Z,0.00813238800470731,0.00675888216266219,0.00813238800470731
2020-11-09T11:46:00Z,0.00588117695968453,0.00813183590778792,0.00813183590778792
2020-03-12T17:06:00Z,0.00648748140382791,0.00812474946455183,0.00812474946455183
2022-02-02T21:06:00Z,-0.00811592873058303,-0.00333999817710522,0.00811592873058303
2020-02-28T15:06:00Z,0.00676267514077772,0.00811416570754266,0.00811416570754266
2020-03-23T12:01:00Z,0.00811385819015321,0.00809265965453675,0.00811385819015321
2024-08-08T12:31:00Z,0.00811178158218551,0.00647929851299851,0.00811178158218551
2020-03-12T17:07:00Z,-0.00809981286143059,-0.00556683987035682,0.00809981286143059
2020-03-13T05:11:00Z,0.00808064541199104,0.00734859314904985,0.00808064541199104
2024-09-18T18:01:00Z,0.00806833336756354,0.00721015162274976,0.00806833336756354
2020-03-12T14:01:00Z,-0.00238229275888924,-0.00806573538416812,0.00806573538416812
2025-04-02T20:28:00Z,-0.00804074221456236,-0.00642721001024976,0.00804074221456236
2020-03-18T17:39:00Z,0.00715398505839026,0.00800436939940246,0.00800436939940246
2020-03-13T20:00:00Z,0.00666426988358389,0.00798370375041285,0.00798370375041285
2020-03-23T20:00:00Z,-0.00513534882713003,-0.00797533011338975,0.00797533011338975
2025-04-07T14:24:00Z,-0.00796997766256337,-0.00747005636039947,0.00796997766256337
2020-03-13T19:36:00Z,0.00796603603363737,0.0078278286202467,0.00796603603363737
2020-03-23T13:31:00Z,-0.00616290603030834,-0.00792781073559828,0.00792781073559828
2025-03-12T12:31:00Z,0.00790447628138168,0.00655594817682907,0.00790447628138168
2020-03-23T16:19:00Z,0.0078903011690005,0.0070974217833726,0.0078903011690005
2025-04-09T17:22:00Z,0.00788599779878972,-0.000571428586977605,0.00788599779878972
2023-02-02T21:31:00Z,-0.00784255926103264,-0.00456019030983722,0.00784255926103264
2020-03-12T13:56:00Z,0.00690133864069318,0.00783384441597983,0.00783384441597983
2023-02-14T13:31:00Z,-0.0078203327178116,-0.00500136621440171,0.0078203327178116
2025-04-09T13:39:00Z,0.00739503052295816,0.00778175224337261,0.00778175224337261
2020-03-16T14:06:00Z,0.00776218465221899,0.00729367864328575,0.00776218465221899
2020-03-16T16:00:00Z,0.00761628481250096,0.00772357537856445,0.00772357537856445
2020-11-04T08:29:00Z,0.0048698924428928,0.00770659612648366,0.00770659612648366
2020-03-18T20:08:00Z,-0.00694387258011288,-0.0076971463855167,0.0076971463855167
2020-03-16T13:49:00Z,0.00372990333547569,0.00767479394643159,0.00767479394643159
2020-03-16T13:54:00Z,0.00762525238542569,0.0056797798169866,0.00762525238542569
2025-04-07T14:16:00Z,0.00761398598218193,0.00480400616451534,0.00761398598218193
2025-04-10T17:03:00Z,0.00761081163415913,0.00712219904425027,0.00761081163415913
2020-03-16T19:46:00Z,-0.00758728981215948,-0.00653797404982418,0.00758728981215948
2022-03-11T11:24:00Z,0.00758292276537048,0.00624181696926331,0.00758292276537048
2020-03-19T03:47:00Z,-0.0075655203478613,-0.00690625384485697,0.0075655203478613
2025-01-14T13:31:00Z,0.0075579682413544,0.00623292738470783,0.0075579682413544
2022-05-11T13:42:00Z,0.0075472056353829,0.00502009086399847,0.0075472056353829
2020-03-13T05:02:00Z,0.00608174622965745,0.00754570697031887,0.00754570697031887
2020-03-18T19:21:00Z,-0.00637743553782513,-0.00753501950441844,0.00753501950441844
2020-03-23T12:38:00Z,-0.00750756923154872,-0.0052850255140538,0.00750756923154872
2025-04-10T19:51:00Z,0.00748975367109319,0.00664296630310658,0.00748975367109319
2020-03-20T19:51:00Z,-0.00748048370925008,-0.00589778904844141,0.00748048370925008
2019-10-09T22:21:00Z,-0.00745588803839382,-0.00637603400812707,0.00745588803839382
2020-03-23T19:51:00Z,0.00744008054957015,0.00690790358100448,0.00744008054957015
2020-03-16T14:41:00Z,-0.00742444015168684,-0.00599582090029319,0.00742444015168684
