horizon,feature_set,model_id,xgb_depth,target_coverage,confidence_cutoff,selected_n,coverage,wins,win_rate,ci95_lower,ci95_upper,flat_rate,baseline_wr,edge,active_weeks
60,NQ_ONLY,logit,,0.005,0.097677170094431,101,0.00503891438834564,69,0.683168316831683,0.583080378531479,0.772186789535728,0,0.643564356435644,0.0396039603960396,22
7,NQ_ONLY,xgb_d2,2,0.01,0.0791248917579652,215,0.0100181724989516,139,0.646511627906977,0.578605546100829,0.710314619633893,0.013953488372093,0.595348837209302,0.0511627906976744,50
1,NQ_ES,ranger,,0.05,0.0717811933882917,1076,0.050020919529543,637,0.592007434944238,0.561958974509463,0.62155129256645,0.0353159851301115,0.45724907063197,0.134758364312268,53
60,NQ_ONLY,ranger,,0.01,0.0800352371070741,201,0.0100279385352225,127,0.631840796019901,0.561120548280015,0.698609155900664,0.00497512437810945,0.626865671641791,0.00497512437810943,29
7,NQ_ES,ranger,,0.01,0.0797088097076557,215,0.0100181724989516,135,0.627906976744186,0.559560833930992,0.692672779277266,0.0186046511627907,0.572093023255814,0.0558139534883722,53
60,NQ_ES,ranger,,0.05,0.0565909228489498,1003,0.050039912193175,591,0.589232303090728,0.558062025810363,0.619877263238448,0.00498504486540379,0.586241276171486,0.00299102691924225,50
30,NQ_ONLY,xgb_d2,2,0.05,0.0531417042016983,1038,0.05,609,0.586705202312139,0.556056257434688,0.616861078949349,0.00481695568400771,0.581888246628131,0.00481695568400775,53
30,NQ_ONLY,xgb_d2,2,0.02,0.0588485765457153,416,0.0200385356454721,251,0.603365384615385,0.554554800961274,0.65069473688997,0.00240384615384615,0.598557692307692,0.00480769230769229,51
7,NQ_ONLY,xgb_d2,2,0.02,0.0716947793960571,430,0.0200363449979032,258,0.6,0.551975247960078,0.646639030626109,0.013953488372093,0.569767441860465,0.0302325581395349,53
7,NQ_ES,xgb_d3,3,0.02,0.0825974106788635,430,0.0200363449979032,258,0.6,0.551975247960078,0.646639030626109,0.0232558139534884,0.532558139534884,0.0674418604651162,53
3,NQ_ONLY,xgb_d5,5,0.1,0.0725696802139282,2150,0.100027914766912,1228,0.571162790697674,0.54992536905886,0.592205935899313,0.0241860465116279,0.471162790697674,0.1,53
5,NQ_ONLY,logit,,0.1,0.0575847661965907,2148,0.1,1226,0.570763500931099,0.549514179203347,0.591819455568211,0.0111731843575419,0.533519553072626,0.0372439478584731,53
3,NQ_ONLY,xgb_d5,5,0.05,0.0882253795862197,1075,0.0500139573834559,623,0.57953488372093,0.549376870051614,0.609256328115963,0.0204651162790698,0.484651162790698,0.0948837209302325,53
3,NQ_ES,xgb_d5,5,0.05,0.0878494173288345,1075,0.0500139573834559,623,0.57953488372093,0.549376870051614,0.609256328115963,0.0241860465116279,0.457674418604651,0.121860465116279,53
5,NQ_ONLY,logit,,0.05,0.0678177018036134,1074,0.05,622,0.579143389199255,0.54896837289982,0.608883578248617,0.0148975791433892,0.542830540037244,0.0363128491620112,53
7,NQ_ES,ranger,,0.05,0.0636756413803926,1074,0.0500442663436,622,0.579143389199255,0.54896837289982,0.608883578248617,0.0139664804469274,0.534450651769088,0.0446927374301676,53
3,NQ_ONLY,xgb_d3,3,0.1,0.0643661916255951,2150,0.100027914766912,1225,0.569767441860465,0.548523539278968,0.590820878443134,0.0213953488372093,0.486511627906977,0.0832558139534884,53
3,NQ_ONLY,logit,,0.05,0.0765305486298167,1075,0.0500139573834559,622,0.578604651162791,0.548440306871578,0.608337534869343,0.012093023255814,0.511627906976744,0.0669767441860465,53
3,NQ_ES,xgb_d3,3,0.05,0.0785394325852394,1075,0.0500139573834559,622,0.578604651162791,0.548440306871578,0.608337534869343,0.026046511627907,0.464186046511628,0.114418604651163,53
1,NQ_ONLY,ranger,,0.1,0.0645429975581382,2152,0.100041839059086,1225,0.569237918215613,0.548001616870706,0.59028537638578,0.0394981412639405,0.475371747211896,0.0938661710037175,53
3,NQ_ONLY,xgb_d4,4,0.1,0.0681100934743881,2150,0.100027914766912,1223,0.568837209302326,0.547589080155421,0.589897412705664,0.0209302325581395,0.482325581395349,0.0865116279069768,53
7,NQ_ONLY,xgb_d4,4,0.05,0.0742582678794861,1074,0.0500442663436,620,0.577281191806331,0.54709369676444,0.607044095923771,0.015828677839851,0.53072625698324,0.0465549348230911,53
5,NQ_ONLY,xgb_d4,4,0.1,0.0592489302158356,2148,0.1,1219,0.567504655493482,0.546240569818743,0.588584281572518,0.0172253258845438,0.514897579143389,0.0526070763500931,53
3,NQ_ES,ranger,,0.01,0.0875721469841412,215,0.0100027914766912,132,0.613953488372093,0.545343642936664,0.679374563703123,0.0186046511627907,0.390697674418605,0.223255813953488,52
7,NQ_ONLY,ranger,,0.01,0.0838751150200524,215,0.0100181724989516,132,0.613953488372093,0.545343642936664,0.679374563703123,0.00930232558139535,0.525581395348837,0.0883720930232559,52
5,NQ_ONLY,ranger,,0.05,0.0591417245794093,1074,0.05,618,0.575418994413408,0.545219449531851,0.605204184323597,0.0186219739292365,0.509310986964618,0.0661080074487895,53
7,NQ_ONLY,ranger,,0.05,0.0633178506179309,1074,0.0500442663436,618,0.575418994413408,0.545219449531851,0.605204184323597,0.015828677839851,0.535381750465549,0.0400372439478585,53
60,NQ_ONLY,ranger,,0.05,0.0590864554526123,1003,0.050039912193175,578,0.576271186440678,0.545004797663621,0.607088602331235,0.00498504486540379,0.575274177467597,0.000997008973080749,51
30,NQ_ONLY,logit,,0.005,0.086734123703832,104,0.00500963391136802,67,0.644230769230769,0.544333357367402,0.735682010873347,0,0.634615384615385,0.00961538461538469,36
5,NQ_ES,xgb_d2,2,0.05,0.0611199513077736,1074,0.05,617,0.574487895716946,0.544282486521124,0.604284067781378,0.0167597765363129,0.524208566108008,0.0502793296089386,53
7,NQ_ES,xgb_d3,3,0.05,0.0697584450244904,1074,0.0500442663436,617,0.574487895716946,0.544282486521124,0.604284067781378,0.0167597765363129,0.531657355679702,0.042830540037244,53
60,NQ_ES,ranger,,0.2,0.0382148912918836,4009,0.200009978048294,2243,0.559491144923921,0.543960196524851,0.574935303790095,0.00374158144175605,0.555749563482165,0.00374158144175607,53
3,NQ_ONLY,xgb_d2,2,0.1,0.0590600073337555,2150,0.100027914766912,1215,0.565116279069768,0.543851994897255,0.586202798233334,0.0213953488372093,0.487441860465116,0.0776744186046512,53
3,NQ_ES,ranger,,0.1,0.0582331536714029,2150,0.100027914766912,1215,0.565116279069768,0.543851994897255,0.586202798233334,0.0218604651162791,0.492093023255814,0.0730232558139535,53
3,NQ_ONLY,ranger,,0.05,0.068946929673719,1075,0.0500139573834559,617,0.573953488372093,0.543759095759195,0.603741962454241,0.026046511627907,0.48,0.093953488372093,53
1,NQ_ONLY,xgb_d5,5,0.02,0.121942460536957,431,0.0200362605178746,255,0.591647331786543,0.543584893269496,0.638442907293124,0.0464037122969838,0.415313225058005,0.176334106728538,53
60,NQ_ONLY,ranger,,0.1,0.0475487808287341,2005,0.100029934144881,1133,0.565087281795511,0.543056426687599,0.586927513221744,0.00399002493765586,0.564588528678304,0.00049875311720704,53
60,NQ_ES,ranger,,0.1,0.0452495770265389,2005,0.100029934144881,1133,0.565087281795511,0.543056426687599,0.586927513221744,0.00498753117206983,0.561097256857855,0.00399002493765588,53
30,NQ_ES,ranger,,0.05,0.0506958416484038,1038,0.05,595,0.573217726396917,0.542474532256257,0.603544589487617,0.00674373795761079,0.581888246628131,-0.00867052023121384,53
3,NQ_ES,xgb_d4,4,0.1,0.0683846116065979,2150,0.100027914766912,1212,0.563720930232558,0.542450897302614,0.584817008314705,0.0223255813953488,0.472558139534884,0.0911627906976743,53
1,NQ_ES,ranger,,0.1,0.0617380828550311,2152,0.100041839059086,1213,0.563661710037175,0.54240146074616,0.584748328752503,0.0357806691449814,0.471189591078067,0.0924721189591078,53
30,NQ_ONLY,xgb_d2,2,0.1,0.0461858570575714,2076,0.1,1169,0.563102119460501,0.541448467220616,0.584577325214468,0.00433526011560694,0.562138728323699,0.00096339113680155,53
1,NQ_ONLY,xgb_d4,4,0.02,0.115415865182877,431,0.0200362605178746,254,0.589327146171694,0.541240689158663,0.636178845956131,0.037122969837587,0.426914153132251,0.162412993039443,53
3,NQ_ONLY,ranger,,0.1,0.0576109937976609,2150,0.100027914766912,1209,0.562325581395349,0.541049968169983,0.58343104987393,0.0213953488372093,0.490697674418605,0.0716279069767442,53
1,NQ_ES,xgb_d5,5,0.1,0.0865986943244934,2152,0.100041839059086,1210,0.562267657992565,0.541001842337164,0.583363646068775,0.0367100371747212,0.474907063197026,0.087360594795539,53
3,NQ_ES,xgb_d2,2,0.05,0.0718253165483475,1075,0.0500139573834559,614,0.571162790697674,0.540951649615519,0.60098333741089,0.0223255813953488,0.469767441860465,0.101395348837209,53
60,NQ_ES,logit,,0.01,0.0965835006079706,201,0.0100279385352225,123,0.611940298507463,0.540836082987662,0.67969067896194,0,0.626865671641791,-0.0149253731343284,34
30,NQ_ONLY,xgb_d2,2,0.01,0.0625339764356613,208,0.010019267822736,127,0.610576923076923,0.540713023697301,0.677241054756976,0.00480769230769231,0.600961538461538,0.00961538461538469,48
5,NQ_ES,xgb_d4,4,0.01,0.0968335491418839,215,0.0100093109869646,131,0.609302325581395,0.540616974872965,0.674929347562263,0.00930232558139535,0.516279069767442,0.0930232558139534,51
1,NQ_ONLY,logit,,0.1,0.0740814875676983,2152,0.100041839059086,1209,0.561802973977695,0.540535340183857,0.582902047844779,0.0329925650557621,0.495817843866171,0.0659851301115242,53
7,NQ_ES,ranger,,0.02,0.0729910804324577,430,0.0200363449979032,253,0.588372093023256,0.540218411025285,0.63530135721038,0.0209302325581395,0.509302325581395,0.0790697674418605,53
3,NQ_ES,xgb_d3,3,0.1,0.0648403614759445,2150,0.100027914766912,1207,0.561395348837209,0.540116108915954,0.582506984046315,0.02,0.476279069767442,0.0851162790697674,53
1,NQ_ES,logit,,0.1,0.074818025731305,2152,0.100041839059086,1208,0.561338289962825,0.540068856677812,0.582440430967076,0.0367100371747212,0.493959107806692,0.0673791821561339,53
60,NQ_ONLY,ranger,,0.2,0.0391431754519686,4009,0.200009978048294,2227,0.555500124719381,0.539957795658863,0.57096148740031,0.00299326515340484,0.551509104514842,0.00399102020453979,53
30,NQ_ONLY,ranger,,0.2,0.0369692416872304,4152,0.2,2304,0.554913294797688,0.539642056899932,0.570107194836936,0.00361271676300578,0.55611753371869,-0.00120423892100197,53
5,NQ_ES,xgb_d3,3,0.05,0.0651626080274582,1074,0.05,612,0.569832402234637,0.539599273922254,0.599681881299552,0.0176908752327747,0.509310986964618,0.0605214152700185,53
5,NQ_ONLY,xgb_d3,3,0.1,0.0561864018440247,2148,0.1,1204,0.560521415270019,0.539228794536758,0.581648662742499,0.015828677839851,0.517690875232775,0.042830540037244,53
3,NQ_ES,xgb_d5,5,0.1,0.0723743975162506,2150,0.100027914766912,1204,0.56,0.538715460156,0.581120745135791,0.0269767441860465,0.474418604651163,0.0855813953488372,53
1,NQ_ONLY,ranger,,0.05,0.0758996797740572,1076,0.050020919529543,612,0.568773234200744,0.538562834285219,0.598606514427886,0.0446096654275093,0.444237918215613,0.12453531598513,53
3,NQ_ONLY,xgb_d4,4,0.05,0.0837631985545158,1075,0.0500139573834559,611,0.568372093023256,0.538145160958192,0.598223754118891,0.0251162790697674,0.466046511627907,0.102325581395349,53
3,NQ_ES,ranger,,0.05,0.0685892846711463,1075,0.0500139573834559,611,0.568372093023256,0.538145160958192,0.598223754118891,0.0213953488372093,0.488372093023256,0.0800000000000001,53
1,NQ_ES,xgb_d2,2,0.2,0.0551127791404724,4303,0.200037190274743,2380,0.55310248663723,0.538099562128184,0.568033260655188,0.0332326283987915,0.488961189867534,0.0641412967696955,53
3,NQ_ONLY,ranger,,0.2,0.0451723653202539,4299,0.200009304922304,2377,0.552919283554315,0.537908854916755,0.567857743428811,0.021167713421726,0.491277041172366,0.0616422423819493,53
3,NQ_ONLY,ranger,,0.02,0.0815219065721392,430,0.0200055829533823,252,0.586046511627907,0.537870248274028,0.633030609675617,0.0209302325581395,0.434883720930233,0.151162790697674,53
3,NQ_ES,ranger,,0.02,0.0792632186137703,430,0.0200055829533823,252,0.586046511627907,0.537870248274028,0.633030609675617,0.0186046511627907,0.462790697674419,0.123255813953488,53
5,NQ_ONLY,ranger,,0.02,0.0701160243014366,430,0.0200186219739292,252,0.586046511627907,0.537870248274028,0.633030609675617,0.0255813953488372,0.534883720930233,0.0511627906976745,53
7,NQ_ONLY,ranger,,0.02,0.0748164809916662,430,0.0200363449979032,252,0.586046511627907,0.537870248274028,0.633030609675617,0.0186046511627907,0.511627906976744,0.0744186046511628,53
1,NQ_ONLY,xgb_d5,5,0.1,0.084247499704361,2152,0.100041839059086,1203,0.559014869888476,0.537736718631896,0.580132066999419,0.0404275092936803,0.468401486988848,0.0906133828996282,53
1,NQ_ES,xgb_d2,2,0.1,0.0692603588104248,2152,0.100041839059086,1203,0.559014869888476,0.537736718631896,0.580132066999419,0.0348513011152416,0.475836431226766,0.08317843866171,53
5,NQ_ONLY,xgb_d5,5,0.05,0.077031522989273,1074,0.05,610,0.567970204841713,0.53772673507309,0.597840259925277,0.021415270018622,0.499068901303538,0.0689013035381751,53
5,NQ_ES,logit,,0.05,0.0697087075451871,1074,0.05,610,0.567970204841713,0.53772673507309,0.597840259925277,0.0121042830540037,0.519553072625698,0.048417132216015,53
1,NQ_ONLY,xgb_d5,5,0.05,0.101671472191811,1076,0.050020919529543,611,0.567843866171004,0.537628375048939,0.597687335744237,0.0464684014869888,0.45910780669145,0.108736059479554,53
5,NQ_ES,logit,,0.1,0.0587039463141059,2148,0.1,1200,0.558659217877095,0.537359699937291,0.579798451997109,0.0153631284916201,0.521880819366853,0.036778398510242,53
5,NQ_ONLY,ranger,,0.1,0.0507584901772238,2148,0.1,1199,0.558193668528864,0.536892473031007,0.579335852551717,0.015828677839851,0.516294227188082,0.0418994413407822,53
1,NQ_ES,xgb_d3,3,0.1,0.0756816864013672,2152,0.100041839059086,1201,0.558085501858736,0.536803993721943,0.579208591060654,0.0362453531598513,0.464684014869888,0.0934014869888476,53
3,NQ_ONLY,xgb_d5,5,0.2,0.0550530791282654,4299,0.200009304922304,2372,0.551756222377297,0.536742927477703,0.566699130421381,0.0232612235403582,0.48895091881833,0.0628053035589672,53
1,NQ_ES,xgb_d3,3,0.05,0.0891638696193695,1076,0.050020919529543,610,0.566914498141264,0.536694021655694,0.596768051137444,0.0408921933085502,0.432156133828996,0.134758364312268,53
1,NQ_ONLY,ranger,,0.02,0.0881347804357108,431,0.0200362605178746,252,0.584686774941995,0.536555456707355,0.631647539666131,0.0464037122969838,0.426914153132251,0.157772621809745,53
7,NQ_ONLY,xgb_d3,3,0.01,0.091765183210373,215,0.0100181724989516,130,0.604651162790698,0.535896437513689,0.670477963129144,0.013953488372093,0.53953488372093,0.0651162790697674,51
7,NQ_ES,xgb_d3,3,0.01,0.0916098833084108,215,0.0100181724989516,130,0.604651162790698,0.535896437513689,0.670477963129144,0.0372093023255814,0.562790697674419,0.0418604651162791,51
1,NQ_ES,xgb_d4,4,0.1,0.0809476971626282,2152,0.100041839059086,1199,0.557156133828996,0.535871343199914,0.578285040709847,0.0362453531598513,0.468866171003718,0.0882899628252788,53
7,NQ_ONLY,xgb_d2,2,0.05,0.0628451704978943,1074,0.0500442663436,608,0.56610800744879,0.535854621613136,0.595998212838603,0.015828677839851,0.545623836126629,0.0204841713221601,53
7,NQ_ES,xgb_d2,2,0.1,0.0550117790699005,2147,0.100041936536042,1196,0.55705635770843,0.535746114634532,0.578210624462973,0.0135072193758733,0.527247321844434,0.0298090358639962,53
3,NQ_ES,xgb_d2,2,0.2,0.0476397633552551,4299,0.200009304922304,2367,0.550593161200279,0.535577082174152,0.56554043526656,0.0202372644801117,0.488718306582926,0.0618748546173529,53
3,NQ_ES,xgb_d2,2,0.02,0.0842168736457825,430,0.0200055829533823,251,0.583720930232558,0.535523147419079,0.630758797694264,0.0186046511627907,0.472093023255814,0.111627906976744,53
3,NQ_ES,xgb_d5,5,0.02,0.105561696887016,430,0.0200055829533823,251,0.583720930232558,0.535523147419079,0.630758797694264,0.0255813953488372,0.430232558139535,0.153488372093023,53
5,NQ_ONLY,xgb_d4,4,0.02,0.0878651267290115,430,0.0200186219739292,251,0.583720930232558,0.535523147419079,0.630758797694264,0.027906976744186,0.509302325581395,0.0744186046511628,53
3,NQ_ES,xgb_d4,4,0.05,0.0829338356852531,1075,0.0500139573834559,608,0.565581395348837,0.535339627526626,0.595463214871608,0.026046511627907,0.467906976744186,0.0976744186046512,53
30,NQ_ONLY,ranger,,0.02,0.0576114108406913,416,0.0200385356454721,243,0.584134615384615,0.53511127922074,0.631952583118675,0.00480769230769231,0.59375,-0.00961538461538458,50
5,NQ_ONLY,xgb_d4,4,0.05,0.0713305816054344,1074,0.05,607,0.565176908752328,0.534918724202387,0.595077029857861,0.0195530726256983,0.505586592178771,0.0595903165735567,53
7,NQ_ONLY,xgb_d3,3,0.05,0.0687386393547058,1074,0.0500442663436,607,0.565176908752328,0.534918724202387,0.595077029857861,0.015828677839851,0.533519553072626,0.0316573556797021,53
1,NQ_ONLY,xgb_d3,3,0.2,0.0590989589691162,4303,0.200037190274743,2366,0.549848942598187,0.534838172887295,0.564791982883818,0.0367185684406228,0.481989309783872,0.0678596328143156,53
7,NQ_ONLY,ranger,,0.1,0.0536210709402067,2147,0.100041936536042,1194,0.556124825337681,0.534811372502712,0.577284848874291,0.0130414531904984,0.518863530507685,0.0372612948299953,53
30,NQ_ONLY,xgb_d3,3,0.1,0.0507098078727722,2076,0.1,1155,0.55635838150289,0.534679403515068,0.57787798741272,0.00433526011560694,0.559730250481696,-0.00337186897880537,53
3,NQ_ES,xgb_d2,2,0.1,0.0603690892457962,2150,0.100027914766912,1195,0.555813953488372,0.534514521160285,0.576961020787505,0.02,0.481395348837209,0.0744186046511628,53
1,NQ_ONLY,ranger,,0.2,0.0509847760925991,4303,0.200037190274743,2363,0.549151754589821,0.534139387293591,0.564097339820209,0.0374157564489891,0.481989309783872,0.0671624448059493,53
7,NQ_ES,xgb_d4,4,0.05,0.0740966796875,1074,0.0500442663436,606,0.564245810055866,0.533982932899316,0.594155740692256,0.0186219739292365,0.525139664804469,0.0391061452513967,53
30,NQ_ES,ranger,,0.2,0.0355795264189187,4152,0.2,2280,0.549132947976879,0.533847398300503,0.564349301493727,0.00433526011560694,0.551300578034682,-0.00216763005780352,53
30,NQ_ONLY,ranger,,0.1,0.0442050552098331,2076,0.1,1153,0.555394990366089,0.533712719986553,0.576920613473267,0.00481695568400771,0.555876685934489,-0.00048169556840072,53
30,NQ_ES,xgb_d2,2,0.1,0.0456864774227142,2076,0.1,1153,0.555394990366089,0.533712719986553,0.576920613473267,0.00529865125240848,0.555394990366089,0,53
