horizon_min,model,tau,n,wins,base_wins_selected,full_n,full_model_wins,full_base_wins,n_long,long_wins,n_short,short_wins,win_rate,selected_baseline_win_rate,full_model_win_rate,full_baseline_win_rate,selected_directional_edge,selection_gain_vs_full_baseline,coverage,long_win_rate,short_win_rate
1,Calendar-only,0,151384,75766,75844,151384,75766,75844,78598,39412,72786,36354,0.500488823125297,0.501004069122232,0.500488823125297,0.501004069122232,-0.000515245996934866,-0.000515245996934866,1,0.501437695615665,0.499464182672492
1,Calendar-only,0.025,38888,19692,19547,151384,75766,75844,22531,11441,16357,8251,0.50637728862374,0.502648631968731,0.500488823125297,0.501004069122232,0.00372865665500932,0.00537321950150782,0.256883158061618,0.50778926811948,0.504432353120988
1,Calendar-only,0.05,5982,3141,3131,151384,75766,75844,4766,2528,1216,613,0.525075225677031,0.523403543965229,0.500488823125297,0.501004069122232,0.0016716817118021,0.024071156554799,0.0395154045341648,0.530423835501469,0.504111842105263
1,Calendar-only,0.075,1501,812,817,147646,73887,73927,1454,791,47,21,0.540972684876749,0.544303797468355,0.500433469244003,0.500704387521504,-0.00333111259160557,0.0402682973552447,0.0101662083632472,0.544016506189821,0.446808510638298
1,Market-state,0,151384,77734,75844,151384,77734,75844,94644,48419,56740,29315,0.513488875971041,0.501004069122232,0.513488875971041,0.501004069122232,0.0124848068488084,0.0124848068488084,1,0.511590803431808,0.51665491716602
1,Market-state,0.025,26393,13884,13315,151384,77734,75844,15292,8049,11101,5835,0.526048573485394,0.504489826848028,0.513488875971041,0.501004069122232,0.0215587466373659,0.0250445043631616,0.174344712783385,0.52635364896678,0.525628321772813
1,Market-state,0.05,7914,4205,3879,151384,77734,75844,4238,2204,3676,2001,0.531336871367197,0.490144048521607,0.513488875971041,0.501004069122232,0.0411928228455901,0.0303328022449652,0.0522776515351688,0.520056630486078,0.544341675734494
1,Market-state,0.075,3011,1602,1477,151384,77734,75844,1486,777,1525,825,0.532049153105281,0.490534706077715,0.513488875971041,0.501004069122232,0.0415144470275656,0.0310450839830485,0.0198898166252708,0.522880215343203,0.540983606557377
1,Market-state,0.1,1311,684,639,151384,77734,75844,588,300,723,384,0.521739130434783,0.487414187643021,0.513488875971041,0.501004069122232,0.034324942791762,0.0207350613125504,0.00866009617925276,0.510204081632653,0.531120331950207
1,Market-state,0.15,359,179,185,147646,75824,73927,131,68,228,111,0.498607242339833,0.515320334261839,0.513552686832017,0.500704387521504,-0.0167130919220055,-0.00209714518167126,0.00243149154057679,0.519083969465649,0.486842105263158
1,Full,0,151384,77270,75844,151384,77270,75844,83558,42644,67826,34626,0.510423822861069,0.501004069122232,0.510423822861069,0.501004069122232,0.00941975373883641,0.00941975373883641,1,0.510352090763302,0.51051219296435
1,Full,0.025,37547,19769,18892,151384,77270,75844,21232,11173,16315,8596,0.526513436492929,0.503156044424322,0.510423822861069,0.501004069122232,0.0233573920686073,0.0255093673706966,0.248024890345083,0.526233986435569,0.526877106956788
1,Full,0.05,12016,6390,5974,151384,77270,75844,6356,3352,5660,3038,0.531790945406125,0.497170439414115,0.510423822861069,0.501004069122232,0.0346205059920106,0.030786876283893,0.0793743063996195,0.527375707992448,0.536749116607774
1,Full,0.075,4323,2322,2120,151384,77270,75844,2039,1079,2284,1243,0.537126995142262,0.490400185056674,0.510423822861069,0.501004069122232,0.0467268100855888,0.0361229260200302,0.028556518522433,0.529180971064247,0.544220665499124
1,Full,0.1,1716,892,798,151384,77270,75844,722,348,994,544,0.51981351981352,0.465034965034965,0.510423822861069,0.501004069122232,0.0547785547785548,0.0188094506912877,0.0113354119325688,0.481994459833795,0.54728370221328
1,Full,0.15,426,227,219,147646,75380,73927,144,82,282,145,0.532863849765258,0.514084507042254,0.510545493951749,0.500704387521504,0.0187793427230047,0.0321594622437541,0.00288527965539195,0.569444444444445,0.514184397163121
1,Calendar-only,0.1,100,54,54,32725,16376,16408,100,54,0,0,0.54,0.54,0.500412528647823,0.501390374331551,0,0.0386096256684493,0.00305576776165011,0.54,
2,Calendar-only,0,153555,76764,77252,153555,76764,77252,80918,40770,72637,35994,0.499912083618248,0.503090098010485,0.499912083618248,0.503090098010485,-0.00317801439223736,-0.00317801439223736,1,0.503843397019205,0.495532579814695
2,Calendar-only,0.025,40590,20305,20526,153555,76764,77252,22709,11481,17881,8824,0.500246366100025,0.505691056910569,0.499912083618248,0.503090098010485,-0.00544469081054455,-0.00284373191046028,0.264335254469083,0.505570478664847,0.493484704434875
2,Calendar-only,0.05,4413,2258,2223,153555,76764,77252,2555,1310,1858,948,0.511670065714933,0.503738953093134,0.499912083618248,0.503090098010485,0.00793111262179924,0.00857996770444824,0.0287388883461952,0.512720156555773,0.510226049515608
2,Market-state,0,153555,78866,77252,153555,78866,77252,99914,51319,53641,27547,0.513600989873335,0.503090098010485,0.513600989873335,0.503090098010485,0.0105108918628504,0.0105108918628504,1,0.513631723282023,0.513543744523779
2,Market-state,0.025,28074,14766,14123,153555,78866,77252,14136,7486,13938,7280,0.525967086984398,0.50306333262093,0.513600989873335,0.503090098010485,0.022903754363468,0.0228769889739136,0.182827000097685,0.529569892473118,0.522313100875305
2,Market-state,0.05,8778,4555,4289,153555,78866,77252,3672,1868,5106,2687,0.518910913647756,0.488607883344726,0.513600989873335,0.503090098010485,0.0303030303030303,0.0158208156372709,0.057165185112826,0.508714596949891,0.526243634939287
2,Market-state,0.075,3644,1850,1746,153555,78866,77252,1331,634,2313,1216,0.50768386388584,0.479143798024149,0.513600989873335,0.503090098010485,0.0285400658616904,0.00459376587535487,0.0237309107485917,0.4763335837716,0.525724167747514
2,Market-state,0.1,1682,833,809,153555,78866,77252,552,254,1130,579,0.495243757431629,0.480975029726516,0.513600989873335,0.503090098010485,0.014268727705113,-0.00784634057885586,0.0109537299338999,0.460144927536232,0.512389380530974
2,Market-state,0.15,492,250,235,149803,76908,75368,124,58,368,192,0.508130081300813,0.477642276422764,0.5133942577919,0.503114089837987,0.0304878048780488,0.00501599146282583,0.00328431339826305,0.467741935483871,0.521739130434783
2,Full,0,153555,78726,77252,153555,78726,77252,85592,44088,67963,34638,0.512689264432939,0.503090098010485,0.512689264432939,0.503090098010485,0.00959916642245451,0.00959916642245451,1,0.515094868679316,0.509659667760399
2,Full,0.025,36444,19113,18242,153555,78726,77252,18122,9542,18322,9571,0.524448468883767,0.500548787180331,0.512689264432939,0.503090098010485,0.0238996817034354,0.021358370873282,0.237335156784214,0.526542324246772,0.522377469708547
2,Full,0.05,10995,5699,5354,153555,78726,77252,4420,2251,6575,3448,0.518326512050932,0.486948613005912,0.512689264432939,0.503090098010485,0.0313778990450205,0.0152364140404474,0.0716030086939533,0.509276018099548,0.524410646387833
2,Full,0.075,4316,2205,2063,153555,78726,77252,1460,696,2856,1509,0.510889712696942,0.477988878591288,0.512689264432939,0.503090098010485,0.0329008341056534,0.00779961468645674,0.0281071928624923,0.476712328767123,0.528361344537815
2,Full,0.1,1985,997,946,153555,78726,77252,584,266,1401,731,0.502267002518892,0.476574307304786,0.512689264432939,0.503090098010485,0.0256926952141058,-0.000823095491593207,0.0129269642798997,0.455479452054795,0.521770164168451
2,Full,0.15,583,298,279,149803,76746,75368,117,55,466,243,0.51114922813036,0.478559176672384,0.512312837526618,0.503114089837987,0.032590051457976,0.00803513829237301,0.00389177786826699,0.47008547008547,0.521459227467811
2,Calendar-only,0.075,384,208,208,123357,61614,62072,286,159,98,49,0.541666666666667,0.541666666666667,0.499477127362047,0.503189928419141,0,0.0384767382475254,0.00311291617014032,0.555944055944056,0.5
2,Calendar-only,0.1,44,21,21,18129,9026,9209,44,21,0,0,0.477272727272727,0.477272727272727,0.497876330740802,0.507970654752055,0,-0.0306979274793274,0.00242705058194054,0.477272727272727,
3,Calendar-only,0,154537,77310,77341,154537,77310,77341,79251,39945,75286,37365,0.500268544102707,0.500469143311958,0.500268544102707,0.500469143311958,-0.000200599209250862,-0.000200599209250862,1,0.504031494870727,0.496307414393114
3,Calendar-only,0.025,40655,20420,20279,154537,77310,77341,20591,10381,20064,10039,0.502275242897553,0.498807034805067,0.500268544102707,0.500469143311958,0.00346820809248549,0.00180609958559486,0.263076156519151,0.504152299548346,0.500348883572568
3,Calendar-only,0.05,6341,3269,3173,154537,77310,77341,2859,1479,3482,1790,0.515533827472008,0.500394259580508,0.500268544102707,0.500469143311958,0.0151395678914998,0.0150646841600499,0.0410322447051515,0.517313746065058,0.514072372199885
3,Market-state,0,154537,79359,77341,154537,79359,77341,93210,47949,61327,31410,0.513527504739965,0.500469143311958,0.513527504739965,0.500469143311958,0.0130583614280075,0.0130583614280075,1,0.514419053749598,0.512172452590213
3,Market-state,0.025,26888,14067,13663,154537,79359,77341,12618,6634,14270,7433,0.523170187444213,0.508144897351979,0.513527504739965,0.500469143311958,0.0150252900922345,0.0227010441322554,0.173990694785068,0.525756855286099,0.520882971268395
3,Market-state,0.05,8600,4423,4362,154537,79359,77341,3631,1829,4969,2594,0.514302325581395,0.507209302325581,0.513527504739965,0.500469143311958,0.00709302325581396,0.0138331822694376,0.0556501032115286,0.503717984026439,0.522036627087945
3,Market-state,0.075,3507,1800,1755,154537,79359,77341,1361,688,2146,1112,0.513259195893927,0.500427715996578,0.513527504739965,0.500469143311958,0.0128314798973481,0.0127900525819687,0.0226935944142827,0.505510653930933,0.518173345759553
3,Market-state,0.1,1598,827,816,154537,79359,77341,576,296,1022,531,0.517521902377973,0.51063829787234,0.513527504739965,0.500469143311958,0.00688360450563208,0.0170527590660148,0.0103405656897701,0.513888888888889,0.519569471624266
3,Market-state,0.15,460,244,242,150766,77425,75448,139,77,321,167,0.530434782608696,0.526086956521739,0.513544167783187,0.500431131687516,0.00434782608695661,0.03000365092118,0.00305108578857302,0.553956834532374,0.520249221183801
3,Full,0,154537,79148,77341,154537,79148,77341,80427,41452,74110,37696,0.512162135928613,0.500469143311958,0.512162135928613,0.500469143311958,0.0116929926166549,0.0116929926166549,1,0.515399057530431,0.508649305087033
3,Full,0.025,35620,18604,17984,154537,79148,77341,18145,9553,17475,9051,0.522290847838293,0.504884896125772,0.512162135928613,0.500469143311958,0.017405951712521,0.0218217045263354,0.230494962371471,0.52648112427666,0.51793991416309
3,Full,0.05,10273,5361,5180,154537,79148,77341,4569,2373,5704,2988,0.521853402122068,0.504234400856614,0.512162135928613,0.500469143311958,0.0176190012654531,0.0213842588101099,0.0664759895688411,0.519369665134603,0.523842917251052
3,Full,0.075,4129,2128,2050,154537,79148,77341,1689,876,2440,1252,0.515379026398644,0.496488253814483,0.512162135928613,0.500469143311958,0.0188907725841608,0.0149098830866861,0.0267185204837676,0.518650088809947,0.513114754098361
3,Full,0.1,1806,930,908,154537,79148,77341,659,337,1147,593,0.514950166112957,0.502768549280177,0.512162135928613,0.500469143311958,0.0121816168327796,0.0144810228009992,0.011686521674421,0.511380880121396,0.517000871839582
3,Full,0.15,522,273,275,150766,77185,75448,152,82,370,191,0.522988505747127,0.526819923371648,0.511952296936975,0.500431131687516,-0.00383141762452111,0.0225573740596107,0.00346231909051112,0.539473684210526,0.516216216216216
3,Calendar-only,0.075,383,207,204,87134,43645,43267,134,74,249,133,0.540469973890339,0.532637075718016,0.500895172952005,0.496557027107673,0.0078328981723238,0.0439129467826662,0.0043955287258705,0.552238805970149,0.534136546184739
5,Calendar-only,0,155396,78025,78640,155396,78025,78640,87708,44621,67688,33404,0.502104301269016,0.506061932096064,0.502104301269016,0.506061932096064,-0.00395763082704825,-0.00395763082704825,1,0.508744926346513,0.493499586337312
5,Calendar-only,0.025,42349,21363,21428,155396,78025,78640,25306,12940,17043,8423,0.504451108644832,0.505985973694774,0.502104301269016,0.506061932096064,-0.00153486504994216,-0.00161082345123198,0.272523102267755,0.511341183908955,0.49422050108549
5,Calendar-only,0.05,4161,2142,2117,155396,78025,78640,2589,1346,1572,796,0.514780100937275,0.508771929824562,0.502104301269016,0.506061932096064,0.00600817111271323,0.00871816884121046,0.026776751010322,0.519891850135187,0.506361323155216
5,Market-state,0,155396,79870,78640,155396,79870,78640,106595,54987,48801,24883,0.513977193750161,0.506061932096064,0.513977193750161,0.506061932096064,0.00791526165409673,0.00791526165409673,1,0.515849711524931,0.509887092477613
5,Market-state,0.025,16375,8526,8314,155396,79870,78640,8454,4449,7921,4077,0.520671755725191,0.507725190839695,0.513977193750161,0.506061932096064,0.0129465648854962,0.0146098236291267,0.105375942752709,0.526259758694109,0.514707738921853
5,Market-state,0.05,3890,1961,1938,155396,79870,78640,1776,892,2114,1069,0.504113110539846,0.498200514138818,0.513977193750161,0.506061932096064,0.00591259640102826,-0.00194882155621845,0.0250328193775902,0.502252252252252,0.505676442762535
5,Market-state,0.075,1309,650,656,155396,79870,78640,531,263,778,387,0.496562261268144,0.501145912910619,0.513977193750161,0.506061932096064,-0.00458365164247521,-0.00949967082792058,0.00842364024814024,0.495291902071563,0.497429305912596
5,Market-state,0.1,534,268,270,155396,79870,78640,186,95,348,173,0.50187265917603,0.50561797752809,0.513977193750161,0.506061932096064,-0.00374531835205993,-0.00418927292003424,0.00343638188885171,0.510752688172043,0.497126436781609
5,Market-state,0.15,132,62,67,114744,58887,57914,38,18,94,44,0.46969696969697,0.507575757575758,0.513203304747961,0.504723558530294,-0.0378787878787878,-0.0350265888333238,0.00115038694833717,0.473684210526316,0.468085106382979
5,Full,0,155396,79588,78640,155396,79588,78640,93415,48256,61981,31332,0.512162475224588,0.506061932096064,0.512162475224588,0.506061932096064,0.00610054312852326,0.00610054312852326,1,0.516576566932506,0.505509752988819
5,Full,0.025,23458,12130,11873,155396,79588,78640,11627,6097,11831,6033,0.517094381447694,0.506138630744309,0.512162475224588,0.506061932096064,0.0109557507033847,0.0110324493516295,0.150956266570568,0.524382901866346,0.509931535795791
5,Full,0.05,5454,2776,2722,155396,79588,78640,2108,1066,3346,1710,0.508984231756509,0.499083241657499,0.512162475224588,0.506061932096064,0.00990099009900991,0.00292229966044477,0.0350974285052382,0.505692599620493,0.511057979677227
5,Full,0.075,1791,900,888,155396,79588,78640,610,305,1181,595,0.50251256281407,0.495812395309883,0.512162475224588,0.506061932096064,0.00670016750418756,-0.0035493692819939,0.0115253931890139,0.5,0.50381033022862
5,Full,0.1,788,395,392,155396,79588,78640,185,97,603,298,0.501269035532995,0.49746192893401,0.512162475224588,0.506061932096064,0.00380710659898481,-0.00479289656306925,0.00507091559628305,0.524324324324324,0.494195688225539
5,Full,0.15,166,78,85,114744,58713,57914,28,13,138,65,0.469879518072289,0.512048192771084,0.511686885588789,0.504723558530294,-0.0421686746987952,-0.0348440404580043,0.00144669873806038,0.464285714285714,0.471014492753623
5,Calendar-only,0.075,96,47,54,33727,17024,17078,47,26,49,21,0.489583333333333,0.5625,0.504758798588668,0.506359889702612,-0.0729166666666667,-0.0167765563692788,0.00284638420256768,0.553191489361702,0.428571428571429
7,Calendar-only,0,155958,78472,79156,155958,78472,79156,93844,47757,62114,30715,0.503161107477654,0.507546903653548,0.503161107477654,0.507546903653548,-0.00438579617589352,-0.00438579617589352,1,0.508897745194152,0.49449399491258
7,Calendar-only,0.025,42501,21388,21425,155958,78472,79156,28212,14262,14289,7126,0.503235217994871,0.504105785746218,0.503161107477654,0.507546903653548,-0.000870567751347084,-0.00431168565867701,0.272515677297734,0.505529561888558,0.49870529778151
7,Calendar-only,0.05,4773,2450,2343,155958,78472,79156,2586,1303,2187,1147,0.513304001676095,0.490886235072282,0.503161107477654,0.507546903653548,0.0224177666038131,0.00575709802254698,0.0306043934905552,0.503866976024749,0.524462734339278
7,Market-state,0,155958,80367,79156,155958,80367,79156,110347,56956,45611,23411,0.515311814719348,0.507546903653548,0.515311814719348,0.507546903653548,0.0077649110657998,0.0077649110657998,1,0.516153588226232,0.513275306395387
7,Market-state,0.025,24129,12631,12241,155958,80367,79156,14755,7749,9374,4882,0.523477972564134,0.507314849351403,0.515311814719348,0.507546903653548,0.0161631232127315,0.0159310689105867,0.154714730889086,0.525177905794646,0.52080221890335
7,Market-state,0.05,6726,3468,3400,155958,80367,79156,3832,1987,2894,1481,0.515611061552186,0.505501040737437,0.515311814719348,0.507546903653548,0.0101100208147487,0.00806415789863779,0.0431269957296195,0.518528183716075,0.511748445058742
7,Market-state,0.075,2436,1266,1203,155958,80367,79156,1313,673,1123,593,0.519704433497537,0.49384236453202,0.515311814719348,0.507546903653548,0.0258620689655172,0.0121575298439892,0.0156195898895857,0.512566641279513,0.528049866429208
7,Market-state,0.1,1032,534,524,155958,80367,79156,518,272,514,262,0.517441860465116,0.507751937984496,0.515311814719348,0.507546903653548,0.00968992248062017,0.0098949568115686,0.00661716616012003,0.525096525096525,0.509727626459144
7,Market-state,0.15,259,137,130,133598,68934,67789,110,59,149,78,0.528957528957529,0.501930501930502,0.515980778155362,0.507410290573212,0.0270270270270271,0.0215472383843168,0.0019386517762242,0.536363636363636,0.523489932885906
7,Full,0,155958,80457,79156,155958,80457,79156,95777,49716,60181,30741,0.515888893163544,0.507546903653548,0.515888893163544,0.507546903653548,0.00834198950999632,0.00834198950999632,1,0.519080781398457,0.510809059337665
7,Full,0.025,31194,16306,15903,155958,80457,79156,18573,9794,12621,6512,0.522728729883952,0.509809578765147,0.515888893163544,0.507546903653548,0.0129191511188049,0.0151818262304043,0.200015388758512,0.527324610994454,0.515965454401395
7,Full,0.05,8697,4485,4359,155958,80457,79156,4393,2270,4304,2215,0.515695067264574,0.501207312866506,0.515888893163544,0.507546903653548,0.0144877543980684,0.00814816361102633,0.0557650136575232,0.516731163214204,0.514637546468402
7,Full,0.075,3137,1610,1572,155958,80457,79156,1435,740,1702,870,0.51322919987249,0.501115715651897,0.515888893163544,0.507546903653548,0.0121134842205929,0.0056822962189419,0.0201143897716052,0.515679442508711,0.511163337250294
7,Full,0.1,1260,658,646,155958,80457,79156,524,284,736,374,0.522222222222222,0.512698412698413,0.515888893163544,0.507546903653548,0.0095238095238096,0.0146753185686745,0.0080790982187512,0.541984732824428,0.508152173913044
7,Full,0.15,304,162,148,133598,69000,67789,104,55,200,107,0.532894736842105,0.486842105263158,0.516474797526909,0.507410290573212,0.0460526315789474,0.0254844462688931,0.00227548316591566,0.528846153846154,0.535
7,Calendar-only,0.075,100,46,50,19075,9481,9339,48,22,52,24,0.46,0.5,0.497038007863696,0.48959370904325,-0.04,-0.0295937090432503,0.00524246395806029,0.458333333333333,0.461538461538462
10,Calendar-only,0,156394,78871,79761,156394,78871,79761,101526,51882,54868,26989,0.504309628246608,0.510000383646431,0.504309628246608,0.510000383646431,-0.00569075539982344,-0.00569075539982344,1,0.511021807221795,0.491889626011519
10,Calendar-only,0.025,46011,23419,23481,156394,78871,79761,35749,18319,10262,5100,0.508986981374019,0.510334485231792,0.504309628246608,0.510000383646431,-0.00134750385777316,-0.0010134022724122,0.294199265956495,0.512433914235363,0.496979146365231
10,Calendar-only,0.05,5750,2983,2875,156394,78871,79761,4492,2300,1258,683,0.518782608695652,0.5,0.504309628246608,0.510000383646431,0.0187826086956522,0.00878222504922077,0.0367661163471744,0.512021371326803,0.542925278219396
10,Market-state,0,156394,80097,79761,156394,80097,79761,124930,64197,31464,15900,0.512148803662545,0.510000383646431,0.512148803662545,0.510000383646431,0.00214842001611315,0.00214842001611315,1,0.513863763707676,0.505339435545385
10,Market-state,0.025,20486,10648,10650,156394,80097,79761,15312,8062,5174,2586,0.519769598750366,0.519867226398516,0.512148803662545,0.510000383646431,-9.76276481499116e-05,0.00976921510393469,0.130989679910994,0.526515151515152,0.499806725937379
10,Market-state,0.05,4593,2322,2360,156394,80097,79761,3235,1662,1358,660,0.505551926845199,0.513825386457653,0.512148803662545,0.510000383646431,-0.00827345961245374,-0.00444845680123218,0.0293681343274039,0.513755795981453,0.4860088365243
10,Market-state,0.075,1479,737,732,156394,80097,79761,1012,501,467,236,0.498309668695064,0.494929006085193,0.512148803662545,0.510000383646431,0.00338066260987152,-0.0116907149513672,0.00945688453521235,0.495059288537549,0.505353319057816
10,Market-state,0.1,599,306,299,152614,78174,77860,388,197,211,109,0.510851419031719,0.499165275459099,0.512233477924699,0.510175999580641,0.011686143572621,0.000675419451078185,0.00392493480283591,0.507731958762887,0.516587677725119
10,Market-state,0.15,133,66,72,96762,49464,49190,79,42,54,24,0.496240601503759,0.541353383458647,0.511192410243691,0.508360720117401,-0.0451127819548872,-0.012120118613642,0.001374506521155,0.531645569620253,0.444444444444444
10,Full,0,156394,79900,79761,156394,79900,79761,107321,55294,49073,24606,0.510889164545954,0.510000383646431,0.510889164545954,0.510000383646431,0.000888780899523045,0.000888780899523045,1,0.515220693061004,0.501416257412426
10,Full,0.025,27927,14530,14501,156394,79900,79761,19150,10127,8777,4403,0.520285028825151,0.519246607225982,0.510889164545954,0.510000383646431,0.00103842159916923,0.0102846451787199,0.178568231517833,0.528825065274151,0.501652045117922
10,Full,0.05,6265,3169,3169,156394,79900,79761,3745,1909,2520,1260,0.505826017557861,0.505826017557861,0.510889164545954,0.510000383646431,0,-0.00417436608857025,0.0400590815504431,0.509746328437917,0.5
10,Full,0.075,2091,1033,1046,156394,79900,79761,1288,638,803,395,0.49402199904352,0.500239120038259,0.510889164545954,0.510000383646431,-0.00621712099473937,-0.0159783846029116,0.0133700781359899,0.495341614906832,0.491905354919054
10,Full,0.1,915,470,454,152614,77970,77860,553,281,362,189,0.513661202185792,0.496174863387978,0.510896772248942,0.510175999580641,0.0174863387978143,0.00348520260515106,0.00599551810449893,0.508137432188065,0.522099447513812
10,Full,0.15,357,188,185,115482,58863,58913,220,118,137,70,0.526610644257703,0.518207282913165,0.509715799864914,0.510148767773333,0.00840336134453779,0.0164618764843705,0.003091390866109,0.536363636363636,0.510948905109489
10,Calendar-only,0.075,499,258,265,92396,46524,46902,298,161,201,97,0.517034068136273,0.531062124248497,0.50352829126802,0.507619377462228,-0.0140280561122245,0.00941469067404466,0.00540066669552795,0.540268456375839,0.482587064676617
15,Calendar-only,0,154820,78744,79844,154820,78744,79844,112334,58051,42486,20693,0.508616457821987,0.515721483012531,0.508616457821987,0.515721483012531,-0.0071050251905439,-0.0071050251905439,1,0.516771413819503,0.487054559148896
15,Calendar-only,0.025,54603,28212,28244,154820,78744,79844,46905,24379,7698,3833,0.51667490797209,0.517260956357709,0.508616457821987,0.515721483012531,-0.00058604838561982,0.000953424959558746,0.352686991344787,0.519752691610703,0.497921538061834
15,Calendar-only,0.05,8867,4650,4649,154820,78744,79844,7882,4157,985,493,0.524416375324236,0.524303597609113,0.508616457821987,0.515721483012531,0.000112777715123413,0.00869489231170517,0.0572729621495931,0.527404212128901,0.500507614213198
15,Calendar-only,0.075,778,408,408,154820,78744,79844,778,408,0,0,0.524421593830334,0.524421593830334,0.508616457821987,0.515721483012531,0,0.00870011081780342,0.00502519054385738,0.524421593830334,
15,Market-state,0,154820,79677,79844,154820,79677,79844,139097,71899,15723,7778,0.51464281100633,0.515721483012531,0.51464281100633,0.515721483012531,-0.00107867200620082,-0.00107867200620082,1,0.516898279617821,0.494689308656109
15,Market-state,0.025,25914,13617,13652,154820,79677,79844,23381,12368,2533,1249,0.525468858532068,0.526819479817859,0.51464281100633,0.515721483012531,-0.00135062128579144,0.00974737551953686,0.167381475261594,0.528976519396091,0.493091196210028
15,Market-state,0.05,3110,1554,1592,154820,79677,79844,2492,1264,618,290,0.49967845659164,0.511897106109325,0.51464281100633,0.515721483012531,-0.0122186495176848,-0.0160430264208908,0.0200878439478104,0.507223113964687,0.469255663430421
15,Market-state,0.075,822,438,438,151089,77810,77980,576,315,246,123,0.532846715328467,0.532846715328467,0.514994473456043,0.516119638094104,0,0.0167270772343637,0.00544050195580089,0.546875,0.5
15,Market-state,0.1,270,138,145,132608,68270,68419,157,85,113,53,0.511111111111111,0.537037037037037,0.514825651544402,0.515949263996139,-0.025925925925926,-0.00483815288502798,0.00203607625482625,0.54140127388535,0.469026548672566
15,Full,0,154820,79393,79844,154820,79393,79844,124523,64470,30297,14923,0.512808422684408,0.515721483012531,0.512808422684408,0.515721483012531,-0.002913060328123,-0.002913060328123,1,0.517735679352409,0.492557018846751
15,Full,0.025,32769,17170,17123,154820,79393,79844,27860,14692,4909,2478,0.52397082608563,0.52253654368458,0.512808422684408,0.515721483012531,0.00143428240104981,0.00824934307309899,0.211658700426301,0.52735104091888,0.504787125687513
15,Full,0.05,4936,2468,2517,154820,79393,79844,3693,1871,1243,597,0.5,0.509927066450567,0.512808422684408,0.515721483012531,-0.00992706645056729,-0.0157214830125307,0.0318821857641132,0.506634172759274,0.480289621882542
15,Full,0.075,1284,648,690,151089,77481,77980,732,393,552,255,0.504672897196262,0.537383177570094,0.512816948950619,0.516119638094104,-0.0327102803738318,-0.0114467408978418,0.00849830232511963,0.536885245901639,0.461956521739131
15,Full,0.1,589,297,302,151089,77481,77980,286,148,303,149,0.504244482173175,0.512733446519525,0.512816948950619,0.516119638094104,-0.00848896434634971,-0.0118751559209286,0.0038983645401055,0.517482517482518,0.491749174917492
15,Full,0.15,147,58,81,78813,40425,40600,32,12,115,46,0.394557823129252,0.551020408163265,0.512922994937384,0.515143440802913,-0.156462585034014,-0.120585617673662,0.00186517452704503,0.375,0.4
15,Market-state,0.15,60,27,30,88960,45584,45659,35,16,25,11,0.45,0.5,0.512410071942446,0.513253147482014,-0.05,-0.0632531474820143,0.000674460431654676,0.457142857142857,0.44
20,Calendar-only,0,154999,78935,79841,154999,78935,79841,113561,58669,41438,20266,0.509261350073226,0.51510654907451,0.509261350073226,0.51510654907451,-0.00584519900128389,-0.00584519900128389,1,0.516629828902528,0.489068005212607
20,Calendar-only,0.025,55855,28655,28773,154999,78935,79841,48717,25145,7138,3510,0.513024796347686,0.515137409363531,0.509261350073226,0.51510654907451,-0.00211261301584464,-0.0020817527268242,0.360357163594604,0.516144261756676,0.491734379377977
20,Calendar-only,0.05,6616,3337,3352,154999,78935,79841,6285,3179,331,158,0.504383313180169,0.506650544135429,0.509261350073226,0.51510654907451,-0.00226723095526005,-0.0107232358943409,0.0426841463493313,0.505807478122514,0.477341389728097
20,Market-state,0,154999,79590,79841,154999,79590,79841,138944,71688,16055,7902,0.513487183788283,0.51510654907451,0.513487183788283,0.51510654907451,-0.00161936528622764,-0.00161936528622764,1,0.515948871487794,0.492183120523202
20,Market-state,0.025,25223,13297,13254,154999,79590,79841,22824,12076,2399,1221,0.527177576021885,0.525472782777624,0.513487183788283,0.51510654907451,0.0017047932442612,0.0120710269473746,0.162730082129562,0.529092183666316,0.508962067528137
20,Market-state,0.05,2452,1219,1253,154999,79590,79841,1854,937,598,282,0.497145187601958,0.511011419249592,0.513487183788283,0.51510654907451,-0.0138662316476346,-0.0179613614725526,0.0158194568997219,0.505393743257821,0.471571906354515
20,Market-state,0.075,598,298,308,151266,77734,77983,360,184,238,114,0.498327759197324,0.51505016722408,0.513889439794799,0.515535546652916,-0.0167224080267558,-0.0172077874555916,0.00395330080784843,0.511111111111111,0.478991596638655
20,Market-state,0.1,202,98,113,132760,68252,68448,93,51,109,47,0.485148514851485,0.55940594059406,0.514100632720699,0.515576981018379,-0.0742574257425743,-0.0304284661668939,0.00152154263332329,0.548387096774194,0.431192660550459
20,Full,0,154999,79637,79841,154999,79637,79841,124661,64570,30338,15067,0.513790411551042,0.51510654907451,0.513790411551042,0.51510654907451,-0.00131613752346793,-0.00131613752346793,1,0.517964720321512,0.496637879886611
20,Full,0.025,36909,19215,19215,154999,79637,79841,32381,16951,4528,2264,0.520604730553524,0.520604730553524,0.513790411551042,0.51510654907451,0,0.00549818147901338,0.238124116929787,0.523485994873537,0.5
20,Full,0.05,3769,1906,1957,154999,79637,79841,2464,1279,1305,627,0.505704430883523,0.519235871583975,0.513790411551042,0.51510654907451,-0.0135314407004511,-0.00940211819098669,0.024316285911522,0.519074675324675,0.480459770114943
20,Full,0.075,1029,508,533,151266,77721,77983,412,212,617,296,0.493683187560739,0.517978620019436,0.513803498472889,0.515535546652916,-0.0242954324586978,-0.0218523590921774,0.00680258617270239,0.514563106796117,0.479740680713128
20,Full,0.1,371,184,194,114266,58748,58893,73,40,298,144,0.495956873315364,0.522911051212938,0.514133688061191,0.515402656958325,-0.0269541778975742,-0.0194457836429615,0.00324681007473789,0.547945205479452,0.483221476510067
20,Full,0.15,120,59,65,78875,40520,40571,8,6,112,53,0.491666666666667,0.541666666666667,0.513724247226624,0.514370839936609,-0.05,-0.022704173269942,0.00152139461172742,0.75,0.473214285714286
20,Market-state,0.15,47,23,28,70713,36122,36171,16,10,31,13,0.48936170212766,0.595744680851064,0.510825449351604,0.511518391243477,-0.106382978723404,-0.0221566891158176,0.000664658549347362,0.625,0.419354838709677
20,Calendar-only,0.075,146,68,68,57880,29494,29784,146,68,0,0,0.465753424657534,0.465753424657534,0.509571527297858,0.51458189357291,0,-0.0488284689153753,0.0025224602626123,0.465753424657534,
30,Calendar-only,0,154174,79211,80168,154174,79211,80168,122811,64008,31363,15203,0.513776641975949,0.519983914278672,0.513776641975949,0.519983914278672,-0.00620727230272289,-0.00620727230272289,1,0.521191098517234,0.484743168701974
30,Calendar-only,0.025,66198,34395,34583,154174,79211,80168,61866,32323,4332,2072,0.519577630744131,0.522417595697755,0.513776641975949,0.519983914278672,-0.00283996495362404,-0.000406283534540974,0.429372008250418,0.522467914524941,0.478301015697138
30,Calendar-only,0.05,12872,6674,6682,154174,79211,80168,12626,6555,246,119,0.518489745183344,0.51911124922312,0.513776641975949,0.519983914278672,-0.000621504039776233,-0.00149416909532851,0.0834900826339072,0.519166798669412,0.483739837398374
30,Market-state,0,154174,79933,80168,154174,79933,80168,146055,75991,8119,3942,0.518459662459299,0.519983914278672,0.518459662459299,0.519983914278672,-0.00152425181937299,-0.00152425181937299,1,0.520290301598713,0.485527774356448
30,Market-state,0.025,50892,26755,26828,154174,79933,80168,49631,26161,1261,594,0.525721134952448,0.527155545075847,0.518459662459299,0.519983914278672,-0.00143441012339862,0.00573722067377613,0.330094568474581,0.527110072333824,0.471054718477399
30,Market-state,0.05,2546,1292,1280,154174,79933,80168,2204,1115,342,177,0.507462686567164,0.502749410840534,0.518459662459299,0.519983914278672,0.00471327572663005,-0.012521227711508,0.0165138090728657,0.505898366606171,0.517543859649123
30,Market-state,0.075,481,253,247,150488,78050,78273,349,184,132,69,0.525987525987526,0.513513513513514,0.518646004997076,0.520127850725639,0.0124740124740125,0.00585967526188669,0.00319626814098134,0.527220630372493,0.522727272727273
30,Market-state,0.1,147,75,75,113900,59024,59173,85,44,62,31,0.510204081632653,0.510204081632653,0.518208955223881,0.519517120280948,0,-0.00931303864829514,0.00129060579455663,0.517647058823529,0.5
30,Full,0,154174,79797,80168,154174,79797,80168,137511,71651,16663,8146,0.517577542257449,0.519983914278672,0.517577542257449,0.519983914278672,-0.00240637202122285,-0.00240637202122285,1,0.521056497298398,0.488867550861189
30,Full,0.025,52209,27396,27458,154174,79797,80168,49327,25986,2882,1410,0.52473711429064,0.525924649006876,0.517577542257449,0.519983914278672,-0.00118753471623667,0.00475320001196733,0.338636864841024,0.526810874369007,0.489243580846634
30,Full,0.05,5313,2687,2753,154174,79797,80168,4379,2253,934,434,0.505740636175419,0.518162996423866,0.517577542257449,0.519983914278672,-0.0124223602484472,-0.0142432781032534,0.0344610634737375,0.51450102763188,0.464668094218416
30,Full,0.075,1062,536,545,132199,68359,68713,709,364,353,172,0.504708097928437,0.513182674199623,0.517091657274261,0.519769438498022,-0.00847457627118642,-0.015061340569585,0.00803334367128344,0.513399153737659,0.487252124645892
30,Full,0.1,468,248,247,113900,58832,59173,307,167,161,81,0.52991452991453,0.527777777777778,0.516523266022827,0.519517120280948,0.00213675213675213,0.0103974096335817,0.00410886742756804,0.543973941368078,0.503105590062112
30,Full,0.15,131,76,77,78558,40532,40751,84,53,47,23,0.580152671755725,0.587786259541985,0.515949998727055,0.518737747906006,-0.00763358778625956,0.0614149238497194,0.00166755772804807,0.630952380952381,0.48936170212766
30,Market-state,0.15,31,14,18,70380,36255,36292,17,9,14,5,0.451612903225806,0.580645161290323,0.515132139812447,0.515657857345837,-0.129032258064516,-0.0640449541200305,0.000440466041489059,0.529411764705882,0.357142857142857
30,Calendar-only,0.075,393,211,213,130376,66870,67602,341,186,52,25,0.536895674300254,0.541984732824428,0.512901147450451,0.518515677732098,-0.00508905852417307,0.0183799965681565,0.00301435847088421,0.545454545454545,0.480769230769231
30,Calendar-only,0.1,138,67,67,54764,28360,28598,138,67,0,0,0.485507246376812,0.485507246376812,0.517858447155065,0.522204367832883,0,-0.0366971214560714,0.00251990358629757,0.485507246376812,
120,Calendar-only,0,146510,77457,78327,146510,77457,78327,136512,72893,9998,4564,0.528680636134052,0.534618797351717,0.528680636134052,0.534618797351717,-0.00593816121766433,-0.00593816121766433,1,0.533967709798406,0.456491298259652
120,Calendar-only,0.025,96287,51451,51564,146510,77457,78327,94906,50817,1381,634,0.534350431522428,0.535524006355998,0.528680636134052,0.534618797351717,-0.00117357483357039,-0.000268365829288797,0.657204286396833,0.535445598803026,0.459087617668356
120,Calendar-only,0.05,32215,17277,17295,146510,77457,78327,32081,17219,134,58,0.536302964457551,0.536861710383362,0.528680636134052,0.534618797351717,-0.000558745925810955,0.0016841671058343,0.21988260187018,0.536735139178953,0.432835820895522
120,Calendar-only,0.075,3489,1848,1848,146510,77457,78327,3489,1848,0,0,0.529664660361135,0.529664660361135,0.528680636134052,0.534618797351717,0,-0.00495413699058156,0.0238140741246331,0.529664660361135,
120,Market-state,0,146510,78281,78327,146510,78281,78327,145950,78024,560,257,0.534304825609174,0.534618797351717,0.534304825609174,0.534618797351717,-0.000313971742543107,-0.000313971742543107,1,0.534594039054471,0.458928571428571
120,Market-state,0.025,126261,67341,67345,146510,78281,78327,126221,67323,40,18,0.533347589516953,0.533379269924997,0.534304825609174,0.534618797351717,-3.16804080436883e-05,-0.00127120783476364,0.861791004027029,0.533374002741224,0.45
120,Market-state,0.05,5939,3247,3246,146510,78281,78327,5934,3244,5,3,0.546725037885166,0.546556659370264,0.534304825609174,0.534618797351717,0.000168378514901479,0.0121062405334492,0.040536482151389,0.546680148297944,0.6
120,Full,0,146510,77650,78327,146510,77650,78327,137687,73577,8823,4073,0.529997952358201,0.534618797351717,0.529997952358201,0.534618797351717,-0.00462084499351578,-0.00462084499351578,1,0.534378699514115,0.46163436472855
120,Full,0.025,95819,51304,51339,146510,77650,78327,93800,50312,2019,992,0.535426168087749,0.535791440111043,0.529997952358201,0.534618797351717,-0.00036527202329395,0.000807370736032209,0.654009965190089,0.53637526652452,0.491332342743933
120,Full,0.05,22398,12056,12086,146510,77650,78327,21898,11821,500,235,0.538262344852219,0.539601750156264,0.529997952358201,0.534618797351717,-0.00133940530404508,0.00364354750050233,0.152876936727868,0.539820988218102,0.47
120,Full,0.075,2841,1442,1459,146510,77650,78327,2586,1323,255,119,0.507567757831749,0.513551566349877,0.529997952358201,0.534618797351717,-0.00598380851812741,-0.0270510395199672,0.0193911678383728,0.511600928074246,0.466666666666667
120,Full,0.1,743,387,394,125628,66451,67073,652,345,91,42,0.520861372812921,0.53028263795424,0.528950552424619,0.533901677969879,-0.00942126514131902,-0.0130403051569588,0.00591428662400102,0.529141104294479,0.461538461538462
120,Full,0.15,131,64,68,73629,38682,39064,121,61,10,3,0.488549618320611,0.519083969465649,0.525363647475859,0.53055182061416,-0.0305343511450382,-0.0420022022935495,0.00177919026470548,0.504132231404959,0.3
120,Calendar-only,0.1,9,5,5,14633,7645,7721,9,5,0,0,0.555555555555556,0.555555555555556,0.522449258525251,0.527642998701565,0,0.0279125568539906,0.000615048178774004,0.555555555555556,
120,Market-state,0.075,292,160,161,135760,72277,72317,291,160,1,0,0.547945205479452,0.551369863013699,0.532388037713612,0.53268267530937,-0.00342465753424659,0.0152625301700825,0.0021508544490277,0.549828178694158,0
120,Market-state,0.1,75,44,45,118419,62898,62940,74,44,1,0,0.586666666666667,0.6,0.531147873229803,0.531502546044131,-0.0133333333333333,0.0551641206225353,0.000633344311301396,0.594594594594595,0
120,Market-state,0.15,14,10,10,66966,35507,35535,14,10,0,0,0.714285714285714,0.714285714285714,0.530224292924768,0.530642415554162,0,0.183643298731553,0.00020906131469701,0.714285714285714,
240,Calendar-only,0,142380,75853,76526,142380,75853,76526,135345,72672,7035,3181,0.532750386290209,0.53747717376036,0.532750386290209,0.53747717376036,-0.00472678747015032,-0.00472678747015032,1,0.536938933835753,0.452167732764748
240,Calendar-only,0.025,98533,52703,52837,142380,75853,76526,97637,52322,896,381,0.534876640313398,0.536236590786843,0.532750386290209,0.53747717376036,-0.00135995047344539,-0.00260053344696209,0.69204242168844,0.535882913239858,0.425223214285714
240,Calendar-only,0.05,36017,19343,19343,142380,75853,76526,36017,19343,0,0,0.537051947691368,0.537051947691368,0.532750386290209,0.53747717376036,0,-0.000425226068991647,0.252963899424076,0.537051947691368,
240,Calendar-only,0.075,4954,2664,2664,142380,75853,76526,4954,2664,0,0,0.53774727492935,0.53774727492935,0.532750386290209,0.53747717376036,0,0.0002701011689904,0.0347942126703189,0.53774727492935,
240,Market-state,0,142380,76439,76526,142380,76439,76526,141853,76219,527,220,0.536866132883832,0.53747717376036,0.536866132883832,0.53747717376036,-0.000611040876527635,-0.000611040876527635,1,0.537309750234398,0.417457305502846
240,Market-state,0.025,121412,64968,64972,142380,76439,76526,121382,64955,30,13,0.535103614140283,0.535136559812869,0.536866132883832,0.53747717376036,-3.29456725859378e-05,-0.00237355962007702,0.852732125298497,0.535128767033003,0.433333333333333
240,Market-state,0.05,8229,4515,4518,142380,76439,76526,8222,4513,7,2,0.548669340138534,0.549033904484142,0.536866132883832,0.53747717376036,-0.000364564345607055,0.0111921663781748,0.0577960387694901,0.54889321333009,0.285714285714286
240,Market-state,0.075,977,553,553,142380,76439,76526,977,553,0,0,0.566018423746162,0.566018423746162,0.536866132883832,0.53747717376036,0,0.0285412499858021,0.00686191880882146,0.566018423746162,
240,Market-state,0.1,235,137,137,138944,74592,74679,235,137,0,0,0.582978723404255,0.582978723404255,0.536849378166743,0.537475529709811,0,0.0455031936944441,0.00169132888070014,0.582978723404255,
240,Full,0,142380,75637,76526,142380,75637,76526,131211,70497,11169,5140,0.531233319286417,0.53747717376036,0.531233319286417,0.53747717376036,-0.00624385447394305,-0.00624385447394305,1,0.537279648809932,0.460202345778494
240,Full,0.025,99311,53253,53499,142380,75637,76526,96683,52062,2628,1191,0.536224587407236,0.538701654398808,0.531233319286417,0.53747717376036,-0.00247706699157191,-0.00125258635312375,0.697506672285433,0.538481428999928,0.453196347031964
240,Full,0.05,39204,20948,21098,142380,75637,76526,37822,20332,1382,616,0.534333231302928,0.538159371492705,0.531233319286417,0.53747717376036,-0.00382614018977656,-0.00314394245743133,0.275347661188369,0.537570726032468,0.445730824891462
240,Full,0.075,10730,5692,5856,142380,75637,76526,9790,5304,940,388,0.530475302889096,0.545759552656104,0.531233319286417,0.53747717376036,-0.0152842497670085,-0.00700187087126369,0.0753617081050709,0.541777323799796,0.412765957446809
240,Full,0.1,3705,1889,2083,142380,75637,76526,3147,1707,558,182,0.509851551956815,0.56221322537112,0.531233319286417,0.53747717376036,-0.052361673414305,-0.0276256218035446,0.0260219131900548,0.542421353670162,0.326164874551971
240,Full,0.15,1274,745,752,104832,55641,56367,1261,742,13,3,0.584772370486656,0.590266875981162,0.530763507326007,0.537688873626374,-0.00549450549450548,0.0470834968602826,0.0121527777777778,0.58842188739096,0.230769230769231
240,Market-state,0.15,58,39,39,65162,34718,34759,58,39,0,0,0.672413793103448,0.672413793103448,0.532795187379147,0.533424388447255,0,0.138989404656194,0.000890089315858936,0.672413793103448,
240,Calendar-only,0.1,194,93,93,54999,28957,28976,194,93,0,0,0.479381443298969,0.479381443298969,0.526500481826942,0.526845942653503,0,-0.0474644993545337,0.00352733686067019,0.479381443298969,
360,Calendar-only,0,138542,74512,75085,138542,74512,75085,133387,72221,5155,2291,0.537829683417303,0.541965613315818,0.537829683417303,0.541965613315818,-0.00413592989851452,-0.00413592989851452,1,0.541439570572844,0.444422890397672
360,Calendar-only,0.025,104261,56430,56477,138542,74512,75085,104036,56341,225,89,0.541237854998513,0.541688646761493,0.537829683417303,0.541965613315818,-0.000450791762979352,-0.000727758317304206,0.752558790835992,0.54155292398785,0.395555555555556
360,Calendar-only,0.05,38689,20731,20731,138542,74512,75085,38689,20731,0,0,0.535837059629352,0.535837059629352,0.537829683417303,0.541965613315818,0,-0.00612855368646559,0.279258275468811,0.535837059629352,
360,Market-state,0,138542,75014,75085,138542,75014,75085,137697,74627,845,387,0.541453133345845,0.541965613315818,0.541453133345845,0.541965613315818,-0.000512479969973056,-0.000512479969973056,1,0.541965329673123,0.457988165680473
360,Market-state,0.025,123886,66884,66885,138542,75014,75085,123829,66856,57,28,0.539883441228226,0.53989151316533,0.541453133345845,0.541965613315818,-8.07193710350429e-06,-0.00208217208759165,0.894212585353178,0.539905837889347,0.491228070175439
360,Market-state,0.05,8054,4384,4382,138542,75014,75085,8022,4367,32,17,0.544325800844301,0.544077477030047,0.541453133345845,0.541965613315818,0.00024832381425377,0.00236018752848333,0.0581339954670786,0.544377960608327,0.53125
360,Market-state,0.075,490,281,281,138542,75014,75085,470,271,20,10,0.573469387755102,0.573469387755102,0.541453133345845,0.541965613315818,0,0.0315037744392844,0.00353683359558834,0.576595744680851,0.5
360,Full,0,138542,74343,75085,138542,74343,75085,130134,70510,8408,3833,0.536609836728212,0.541965613315818,0.536609836728212,0.541965613315818,-0.00535577658760522,-0.00535577658760522,1,0.541826117694069,0.455875356803045
360,Full,0.025,103466,55788,55979,138542,74343,75085,101593,54947,1873,841,0.539191618502697,0.541037635551775,0.536609836728212,0.541965613315818,-0.00184601704907883,-0.00277399481312102,0.746820458777844,0.540854192710128,0.449012279765083
360,Full,0.05,46217,24996,25150,138542,74343,75085,45199,24564,1018,432,0.540839950667503,0.544172057900772,0.536609836728212,0.541965613315818,-0.00333210723326904,-0.00112566264831426,0.333595588341442,0.543463350959092,0.424361493123772
360,Full,0.075,11230,5984,6134,138542,74343,75085,10544,5716,686,268,0.532858414959929,0.546215494211932,0.536609836728212,0.541965613315818,-0.0133570792520035,-0.0091071983558888,0.0810584515886879,0.542109256449165,0.39067055393586
360,Full,0.1,2405,1253,1389,138542,74343,75085,1905,1071,500,182,0.520997920997921,0.577546777546778,0.536609836728212,0.541965613315818,-0.0565488565488566,-0.0209676923178966,0.0173593567293673,0.562204724409449,0.364
360,Full,0.15,378,185,196,85290,45748,46140,329,166,49,19,0.489417989417989,0.518518518518519,0.536381756360652,0.540977840309532,-0.0291005291005291,-0.0515598508915428,0.00443193809356314,0.504559270516717,0.387755102040816
360,Market-state,0.1,161,99,99,95481,51249,51251,151,94,10,5,0.614906832298137,0.614906832298137,0.536745530524398,0.536766477100156,0,0.0781403551979807,0.00168619934856149,0.622516556291391,0.5
360,Calendar-only,0.075,4606,2465,2465,118293,63571,63899,4606,2465,0,0,0.535171515414677,0.535171515414677,0.537402889435554,0.540175665508525,0,-0.00500415009384891,0.0389372152198355,0.535171515414677,
360,Market-state,0.15,31,18,18,49674,26502,26502,27,16,4,2,0.580645161290323,0.580645161290323,0.53351854088658,0.53351854088658,0,0.0471266204037422,0.000624068929419817,0.592592592592593,0.5
360,Calendar-only,0.1,195,96,96,50229,26520,26617,195,96,0,0,0.492307692307692,0.492307692307692,0.527981843158335,0.529912998467021,0,-0.0376053061593287,0.00388221943498776,0.492307692307692,
480,Calendar-only,0,135196,73179,73748,135196,73179,73748,130227,70979,4969,2200,0.541280807124471,0.54548951152401,0.541280807124471,0.54548951152401,-0.00420870439953847,-0.00420870439953847,1,0.545040582982024,0.442745019118535
480,Calendar-only,0.025,107675,58810,58827,135196,73179,73748,107572,58767,103,43,0.546180636173671,0.546338518690504,0.541280807124471,0.54548951152401,-0.00015788251683313,0.000691124649661146,0.796436285097192,0.546303870895772,0.41747572815534
480,Calendar-only,0.05,50441,27761,27761,135196,73179,73748,50441,27761,0,0,0.550365773874428,0.550365773874428,0.541280807124471,0.54548951152401,0,0.00487626235041794,0.373095357850824,0.550365773874428,
480,Calendar-only,0.075,10512,5802,5802,135196,73179,73748,10512,5802,0,0,0.551940639269406,0.551940639269406,0.541280807124471,0.54548951152401,0,0.0064511277453968,0.0777537796976242,0.551940639269406,
480,Market-state,0,135196,73691,73748,135196,73691,73748,134847,73545,349,146,0.545067901417202,0.54548951152401,0.545067901417202,0.54548951152401,-0.000421610106807857,-0.000421610106807857,1,0.545395893123318,0.418338108882521
480,Market-state,0.025,126556,68715,68717,135196,73691,73748,126516,68696,40,19,0.542961218749012,0.542977022029773,0.545067901417202,0.54548951152401,-1.58032807611175e-05,-0.00252829277499733,0.936092783810172,0.542982705744728,0.475
480,Market-state,0.05,21569,11862,11856,135196,73691,73748,21555,11852,14,10,0.549955955306227,0.54967777829292,0.545067901417202,0.54548951152401,0.000278177013306125,0.00446644378221694,0.159538743749815,0.549849222918116,0.714285714285714
480,Market-state,0.075,1186,710,708,135196,73691,73748,1180,706,6,4,0.598650927487353,0.596964586846543,0.545067901417202,0.54548951152401,0.00168634064080953,0.0531614159633429,0.00877244888902039,0.598305084745763,0.666666666666667
480,Full,0,135196,72704,73748,135196,72704,73748,124414,67835,10782,4869,0.537767389567739,0.54548951152401,0.537767389567739,0.54548951152401,-0.00772212195627087,-0.00772212195627087,1,0.545236066680599,0.451585976627713
480,Full,0.025,102388,55724,56084,135196,72704,73748,100162,54791,2226,933,0.544243466031176,0.547759503066766,0.537767389567739,0.54548951152401,-0.00351603703559011,-0.00124604549283402,0.757330098523625,0.547023821409317,0.419137466307278
480,Full,0.05,56106,30693,30816,135196,72704,73748,55371,30387,735,306,0.547053791038392,0.549246069939044,0.537767389567739,0.54548951152401,-0.00219227890065232,0.00156427951438198,0.414997485132696,0.54878907731484,0.416326530612245
480,Full,0.075,21798,12089,12101,135196,72704,73748,21644,12018,154,71,0.554592164418754,0.555142673639783,0.537767389567739,0.54548951152401,-0.000550509221029394,0.00910265289474443,0.161232580845587,0.555257808168546,0.461038961038961
480,Full,0.1,5937,3420,3419,135196,72704,73748,5934,3418,3,2,0.576048509348156,0.575880074111504,0.537767389567739,0.54548951152401,0.000168435236651554,0.0305589978241461,0.0439140211248854,0.576002696326255,0.666666666666667
480,Full,0.15,457,260,260,99530,53405,54085,457,260,0,0,0.568927789934354,0.568927789934354,0.536571887873003,0.543403998794333,0,0.0255237911400211,0.00459158042801165,0.568927789934354,
480,Market-state,0.1,233,167,166,109346,59091,59089,230,165,3,2,0.716738197424893,0.71244635193133,0.54040385565087,0.540385565086972,0.00429184549356232,0.176352632337921,0.0021308506941269,0.717391304347826,0.666666666666667
480,Calendar-only,0.1,1021,563,563,115302,62297,62681,1021,563,0,0,0.551420176297747,0.551420176297747,0.540294183969055,0.543624568524397,0,0.00779560777335053,0.00885500685157239,0.551420176297747,
480,Market-state,0.15,36,24,24,31789,17625,17619,36,24,0,0,0.666666666666667,0.666666666666667,0.554437069426531,0.554248324892258,0,0.112418341774408,0.00113246720563717,0.666666666666667,
600,Calendar-only,0,131682,71605,72062,131682,71605,72062,127785,69885,3897,1720,0.543772117677435,0.547242599595997,0.543772117677435,0.547242599595997,-0.00347048191856136,-0.00347048191856136,1,0.546895175490081,0.44136515268155
600,Calendar-only,0.025,105426,57727,57737,131682,71605,72062,105380,57709,46,18,0.547559425568645,0.547654278830649,0.543772117677435,0.547242599595997,-9.48532620036469e-05,0.000316825972648926,0.800610561807992,0.547627633327007,0.391304347826087
600,Calendar-only,0.05,51521,28227,28227,131682,71605,72062,51521,28227,0,0,0.547873682576037,0.547873682576037,0.543772117677435,0.547242599595997,0,0.000631082980040554,0.391253170516851,0.547873682576037,
600,Calendar-only,0.075,14798,8176,8176,131682,71605,72062,14798,8176,0,0,0.552507095553453,0.552507095553453,0.543772117677435,0.547242599595997,0,0.00526449595745671,0.112376786500813,0.552507095553453,
600,Market-state,0,131682,71971,72062,131682,71971,72062,131181,71766,501,205,0.54655154083322,0.547242599595997,0.54655154083322,0.547242599595997,-0.000691058762776975,-0.000691058762776975,1,0.547076177190294,0.409181636726547
600,Market-state,0.025,124355,67740,67738,131682,71971,72062,124347,67735,8,5,0.544730810984681,0.544714727996462,0.54655154083322,0.547242599595997,1.60829882192015e-05,-0.00251178861131551,0.944358378517945,0.544725646778772,0.625
600,Market-state,0.05,27396,14916,14915,131682,71971,72062,27395,14915,1,1,0.544459045116075,0.544422543436998,0.54655154083322,0.547242599595997,3.65016790772055e-05,-0.00278355447992107,0.208046657857566,0.544442416499361,1
600,Market-state,0.075,1529,922,922,131682,71971,72062,1529,922,0,0,0.603008502289078,0.603008502289078,0.54655154083322,0.547242599595997,0,0.0557659026930815,0.0116113060251211,0.603008502289078,
600,Full,0,131682,71133,72062,131682,71133,72062,119505,65509,12177,5624,0.540187724973801,0.547242599595997,0.540187724973801,0.547242599595997,-0.0070548746221959,-0.0070548746221959,1,0.548169532655538,0.461854315512852
600,Full,0.025,100005,54405,54880,131682,71133,72062,96876,53078,3129,1327,0.544022798860057,0.548772561371932,0.540187724973801,0.547242599595997,-0.00474976251187442,-0.00321980073593942,0.759443204082563,0.547896279780338,0.42409715564078
600,Full,0.05,58528,31938,32146,131682,71133,72062,57352,31454,1176,484,0.545687534171679,0.549241388737015,0.540187724973801,0.547242599595997,-0.0035538545653363,-0.00155506542431794,0.44446469525068,0.548437717952295,0.41156462585034
600,Full,0.075,27208,14991,15044,131682,71133,72062,26797,14812,411,179,0.550977653631285,0.552925610114672,0.540187724973801,0.547242599595997,-0.00194795648338719,0.00373505403528851,0.206618976017983,0.552748441989775,0.435523114355231
600,Full,0.1,9303,5136,5136,131682,71133,72062,9255,5112,48,24,0.55207997420187,0.55207997420187,0.540187724973801,0.547242599595997,0,0.00483737460587397,0.0706474689023557,0.552350081037277,0.5
600,Full,0.15,741,378,378,96893,52191,52770,741,378,0,0,0.510121457489879,0.510121457489879,0.53864572260122,0.544621386477867,0,-0.0344999289879887,0.00764761128254879,0.510121457489879,
600,Market-state,0.1,268,183,183,122147,66579,66579,268,183,0,0,0.682835820895522,0.682835820895522,0.545072740222846,0.545072740222846,0,0.137763080672676,0.00219407762777637,0.682835820895522,
600,Calendar-only,0.1,952,519,519,80544,43682,43905,952,519,0,0,0.545168067226891,0.545168067226891,0.542337107667859,0.545105780691299,0,6.22865355915936e-05,0.0118196265395312,0.545168067226891,
600,Market-state,0.15,43,29,29,30982,17211,17206,43,29,0,0,0.674418604651163,0.674418604651163,0.555516106126138,0.555354722096701,0,0.119063882554461,0.00138790265315344,0.674418604651163,
720,Calendar-only,0,128821,70211,70606,128821,70211,70606,125494,68745,3327,1466,0.545027596432259,0.548093866683227,0.545027596432259,0.548093866683227,-0.0030662702509684,-0.0030662702509684,1,0.547795113710616,0.440637210700331
720,Calendar-only,0.025,104619,57452,57508,128821,70211,70606,104331,57336,288,116,0.549154551276537,0.549689826895688,0.545027596432259,0.548093866683227,-0.000535275619151343,0.00106068459330966,0.812126904774843,0.549558616326883,0.402777777777778
720,Calendar-only,0.05,54652,30156,30156,128821,70211,70606,54652,30156,0,0,0.551782185464393,0.551782185464393,0.545027596432259,0.548093866683227,0,0.00368831878116571,0.424247599382088,0.551782185464393,
720,Calendar-only,0.075,17541,9800,9800,128821,70211,70606,17541,9800,0,0,0.558691066643863,0.558691066643863,0.545027596432259,0.548093866683227,0,0.0105971999606358,0.136165687271485,0.558691066643863,
720,Market-state,0,128821,70474,70606,128821,70474,70606,128139,70199,682,275,0.547069189029739,0.548093866683227,0.547069189029739,0.548093866683227,-0.00102467765348824,-0.00102467765348824,1,0.547834773176004,0.403225806451613
720,Market-state,0.025,122593,66803,66803,128821,70474,70606,122589,66801,4,2,0.544916920215673,0.544916920215673,0.547069189029739,0.548093866683227,0,-0.00317694646755418,0.951653845258149,0.544918385825808,0.5
720,Market-state,0.05,37709,20616,20616,128821,70474,70606,37709,20616,0,0,0.546712986289745,0.546712986289745,0.547069189029739,0.548093866683227,0,-0.00138088039348194,0.292724012389284,0.546712986289745,
720,Market-state,0.075,3735,2127,2127,128821,70474,70606,3735,2127,0,0,0.569477911646586,0.569477911646586,0.547069189029739,0.548093866683227,0,0.0213840449633592,0.0289937199680176,0.569477911646586,
720,Market-state,0.1,717,451,451,125726,68893,69025,717,451,0,0,0.629009762900976,0.629009762900976,0.547961439956731,0.549011342124938,0,0.0799984207760379,0.0057028776863974,0.629009762900976,
720,Full,0,128821,69691,70606,128821,69691,70606,119058,65267,9763,4424,0.540990987494275,0.548093866683227,0.540990987494275,0.548093866683227,-0.00710287918895214,-0.00710287918895214,1,0.548194997396227,0.453139403871761
720,Full,0.025,99999,54412,54941,128821,69691,70606,96324,52839,3675,1573,0.544125441254413,0.549415494154942,0.540990987494275,0.548093866683227,-0.00529005290052897,-0.00396842542881459,0.776263186902757,0.548554877289149,0.428027210884354
720,Full,0.05,58118,31881,32207,128821,69691,70606,56430,31200,1688,681,0.54855638528511,0.554165662961561,0.540990987494275,0.548093866683227,-0.00560927767645136,0.000462518601882511,0.451153150495649,0.552897395002658,0.403436018957346
720,Full,0.075,27319,15146,15318,128821,69691,70606,26409,14777,910,369,0.554412679819906,0.560708664299572,0.540990987494275,0.548093866683227,-0.00629598447966617,0.00631881313667848,0.212069460724571,0.559544094816161,0.405494505494505
720,Full,0.1,9205,5195,5319,128821,69691,70606,8547,4928,658,267,0.564367191743618,0.577838131450299,0.540990987494275,0.548093866683227,-0.0134709397066811,0.0162733250603905,0.0714557409118079,0.576576576576577,0.405775075987842
720,Full,0.15,617,344,377,110427,59623,60347,486,295,131,49,0.557536466774716,0.611021069692058,0.539931357367311,0.546487724922347,-0.053484602917342,0.0110487418523695,0.00558740163184728,0.606995884773663,0.374045801526718
720,Market-state,0.15,122,91,91,74108,39755,39757,122,91,0,0,0.745901639344262,0.745901639344262,0.536446807362228,0.536473795001889,0,0.209427844342373,0.00164624601932315,0.745901639344262,
720,Calendar-only,0.1,1802,971,971,106444,57759,58130,1802,971,0,0,0.538845726970033,0.538845726970033,0.542623351245726,0.546108752019841,0,-0.00726302504980814,0.0169290894742776,0.538845726970033,
960,Calendar-only,0,123565,68681,68793,123565,68681,68793,122721,68315,844,366,0.555828915955165,0.556735321490713,0.555828915955165,0.556735321490713,-0.000906405535548105,-0.000906405535548105,1,0.556669192721702,0.433649289099526
960,Calendar-only,0.025,115704,64447,64447,123565,68681,68793,115704,64447,0,0,0.556998893728825,0.556998893728825,0.555828915955165,0.556735321490713,0,0.000263572238111909,0.936381661473718,0.556998893728825,
960,Calendar-only,0.05,85421,47927,47927,123565,68681,68793,85421,47927,0,0,0.561068121422133,0.561068121422133,0.555828915955165,0.556735321490713,0,0.00433279993141933,0.691304171893336,0.561068121422133,
960,Calendar-only,0.075,33624,18807,18807,123565,68681,68793,33624,18807,0,0,0.559332619557459,0.559332619557459,0.555828915955165,0.556735321490713,0,0.00259729806674558,0.272115890422045,0.559332619557459,
960,Market-state,0,123565,68801,68793,123565,68801,68793,123541,68785,24,16,0.556800064743253,0.556735321490713,0.556800064743253,0.556735321490713,6.47432525391345e-05,6.47432525391345e-05,1,0.556778721234246,0.666666666666667
960,Market-state,0.025,121243,67370,67370,123565,68801,68793,121243,67370,0,0,0.555660945374166,0.555660945374166,0.556800064743253,0.556735321490713,0,-0.00107437611654748,0.981208270950512,0.555660945374166,
960,Market-state,0.05,91539,51014,51014,123565,68801,68793,91539,51014,0,0,0.557292520128033,0.557292520128033,0.556800064743253,0.556735321490713,0,0.000557198637319512,0.74081657427265,0.557292520128033,
960,Market-state,0.075,17848,10347,10347,123565,68801,68793,17848,10347,0,0,0.579728821156432,0.579728821156432,0.556800064743253,0.556735321490713,0,0.0229934996657187,0.144442196414842,0.579728821156432,
960,Market-state,0.1,3284,1921,1921,123565,68801,68793,3284,1921,0,0,0.584957369062119,0.584957369062119,0.556800064743253,0.556735321490713,0,0.028222047571406,0.0265771051673208,0.584957369062119,
960,Full,0,123565,68119,68793,123565,68119,68793,119369,66358,4196,1761,0.55128070246429,0.556735321490713,0.55128070246429,0.556735321490713,-0.0054546190264233,-0.0054546190264233,1,0.555906474880413,0.419685414680648
960,Full,0.025,109053,60387,60732,123565,68119,68793,107250,59658,1803,729,0.553739924623807,0.556903523974581,0.55128070246429,0.556735321490713,-0.00316359935077448,-0.00299539686690664,0.882555739893983,0.556251748251748,0.40432612312812
960,Full,0.05,75832,42565,42801,123565,68119,68793,74852,42193,980,372,0.561306572423252,0.564418715054331,0.55128070246429,0.556735321490713,-0.00311214263107917,0.00457125093253807,0.613701290818598,0.563685673061508,0.379591836734694
960,Full,0.075,40283,22776,22936,123565,68119,68793,39699,22564,584,212,0.565399796440186,0.569371695256063,0.55128070246429,0.556735321490713,-0.00397189881587767,0.00866447494947231,0.32600655525432,0.568377037204967,0.363013698630137
960,Full,0.1,13199,7491,7590,123565,68119,68793,12792,7337,407,154,0.567542995681491,0.575043563906357,0.55128070246429,0.556735321490713,-0.00750056822486556,0.0108076741907777,0.106818273783029,0.573561601000625,0.378378378378378
960,Full,0.15,698,448,462,120636,66594,67268,614,413,84,35,0.641833810888252,0.66189111747851,0.552024271361783,0.557611326635499,-0.0200573065902578,0.0842224842527537,0.00578600086209755,0.672638436482085,0.416666666666667
960,Calendar-only,0.1,4372,2443,2443,103231,56466,56563,4372,2443,0,0,0.558783165599268,0.558783165599268,0.546986854723872,0.547926494948223,0,0.0108566706510452,0.0423516191841598,0.558783165599268,
960,Market-state,0.15,338,238,238,99307,54854,54845,338,238,0,0,0.70414201183432,0.70414201183432,0.552367909613622,0.552277281561219,0,0.1518647302731,0.00340358685691845,0.70414201183432,
1200,Calendar-only,0,126129,70553,70559,126129,70553,70559,126079,70531,50,22,0.559371754315027,0.559419324659674,0.559371754315027,0.559419324659674,-4.75703446470854e-05,-4.75703446470854e-05,1,0.559419094377335,0.44
1200,Calendar-only,0.025,124674,69733,69733,126129,70553,70559,124674,69733,0,0,0.559322713637166,0.559322713637166,0.559371754315027,0.559419324659674,0,-9.66110225081307e-05,0.988464191423067,0.559322713637166,
1200,Calendar-only,0.05,99870,56098,56098,126129,70553,70559,99870,56098,0,0,0.561710223290277,0.561710223290277,0.559371754315027,0.559419324659674,0,0.0022908986306035,0.791808386651761,0.561710223290277,
1200,Calendar-only,0.075,39563,22296,22296,126129,70553,70559,39563,22296,0,0,0.563556858681091,0.563556858681091,0.559371754315027,0.559419324659674,0,0.00413753402141714,0.313670924212513,0.563556858681091,
1200,Market-state,0,126129,70554,70559,126129,70554,70559,126102,70543,27,11,0.559379682705801,0.559419324659674,0.559379682705801,0.559419324659674,-3.96419538726267e-05,-3.96419538726267e-05,1,0.559412221852151,0.407407407407407
1200,Market-state,0.025,123794,69111,69112,126129,70554,70559,123793,69111,1,0,0.558274229768809,0.558282307704735,0.559379682705801,0.559419324659674,-8.07793592583206e-06,-0.00114509489086434,0.981487207541485,0.558278739508696,0
1200,Market-state,0.05,102029,56900,56900,126129,70554,70559,102029,56900,0,0,0.55768457987435,0.55768457987435,0.559379682705801,0.559419324659674,0,-0.00173474478532432,0.80892578233396,0.55768457987435,
1200,Market-state,0.075,25477,14697,14697,126129,70554,70559,25477,14697,0,0,0.576873258232916,0.576873258232916,0.559379682705801,0.559419324659674,0,0.0174539335732421,0.201991611762561,0.576873258232916,
1200,Market-state,0.1,5093,3008,3008,126129,70554,70559,5093,3008,0,0,0.590614569016297,0.590614569016297,0.559379682705801,0.559419324659674,0,0.031195244356623,0.0403792942146533,0.590614569016297,
1200,Full,0,126129,70321,70559,126129,70321,70559,124853,69802,1276,519,0.557532367655337,0.559419324659674,0.557532367655337,0.559419324659674,-0.00188695700433683,-0.00188695700433683,1,0.559073470401192,0.406739811912226
1200,Full,0.025,118011,65787,65891,126129,70321,70559,117577,65622,434,165,0.557464982077942,0.558346255857505,0.557532367655337,0.559419324659674,-0.00088127377956293,-0.00195434258173188,0.93563732369241,0.558119360078927,0.380184331797235
1200,Full,0.05,86545,48595,48627,126129,70321,70559,86431,48554,114,41,0.561499797793056,0.561869547634179,0.557532367655337,0.559419324659674,-0.000369749841123146,0.00208047313338178,0.686162579581222,0.56176603302056,0.359649122807018
1200,Full,0.075,46472,26604,26633,126129,70321,70559,46383,26574,89,30,0.572473747632983,0.57309777930797,0.557532367655337,0.559419324659674,-0.000624031674987036,0.0130544229733095,0.368448176073702,0.572925425263566,0.337078651685393
1200,Full,0.1,17313,10042,10066,126129,70321,70559,17245,10020,68,22,0.580026569629758,0.581412811182349,0.557532367655337,0.559419324659674,-0.00138624155259059,0.0206072449700841,0.137264229479343,0.581037982023775,0.323529411764706
1200,Full,0.15,1355,851,863,123167,68814,69054,1317,838,38,13,0.628044280442805,0.63690036900369,0.558704847889451,0.560653421776937,-0.0088560885608856,0.0673908586658675,0.0110013234064319,0.636294608959757,0.342105263157895
1200,Calendar-only,0.1,5696,3164,3164,104926,57586,57592,5696,3164,0,0,0.555477528089888,0.555477528089888,0.548824886110211,0.548882069267865,0,0.00659545882202262,0.0542858776661647,0.555477528089888,
1200,Market-state,0.15,542,340,340,116402,64807,64807,542,340,0,0,0.627306273062731,0.627306273062731,0.556751602206148,0.556751602206148,0,0.0705546708565831,0.00465627738355011,0.627306273062731,
1380,Calendar-only,0,125910,70165,70165,125910,70165,70165,125910,70165,0,0,0.557263124453975,0.557263124453975,0.557263124453975,0.557263124453975,0,0,1,0.557263124453975,
1380,Calendar-only,0.025,124389,69299,69299,125910,70165,70165,124389,69299,0,0,0.557115178994927,0.557115178994927,0.557263124453975,0.557263124453975,0,-0.000147945459047838,0.987919942816297,0.557115178994927,
1380,Calendar-only,0.05,99879,55800,55800,125910,70165,70165,99879,55800,0,0,0.558675997957529,0.558675997957529,0.557263124453975,0.557263124453975,0,0.00141287350355357,0.793257088396474,0.558675997957529,
1380,Calendar-only,0.075,41819,23379,23379,125910,70165,70165,41819,23379,0,0,0.559052105502284,0.559052105502284,0.557263124453975,0.557263124453975,0,0.0017889810483086,0.332134064013978,0.559052105502284,
1380,Calendar-only,0.1,4974,2746,2746,125910,70165,70165,4974,2746,0,0,0.552070767993567,0.552070767993567,0.557263124453975,0.557263124453975,0,-0.0051923564604085,0.0395044079104122,0.552070767993567,
1380,Market-state,0,125910,70124,70165,125910,70124,70165,125785,70082,125,42,0.556937495036137,0.557263124453975,0.556937495036137,0.557263124453975,-0.000325629417838202,-0.000325629417838202,1,0.557157053702747,0.336
1380,Market-state,0.025,122748,68209,68209,125910,70124,70165,122748,68209,0,0,0.555683188320787,0.555683188320787,0.556937495036137,0.557263124453975,0,-0.00157993613318774,0.974886823921849,0.555683188320787,
1380,Market-state,0.05,101887,56581,56581,125910,70124,70165,101887,56581,0,0,0.555330905807414,0.555330905807414,0.556937495036137,0.557263124453975,0,-0.00193221864656101,0.80920498768962,0.555330905807414,
1380,Market-state,0.075,24871,13994,13994,125910,70124,70165,24871,13994,0,0,0.562663342849101,0.562663342849101,0.556937495036137,0.557263124453975,0,0.00540021839512628,0.197529981732984,0.562663342849101,
1380,Market-state,0.1,4569,2590,2590,122946,68643,68684,4569,2590,0,0,0.566863646312103,0.566863646312103,0.558318286076814,0.558651765815887,0,0.00821188049621668,0.0371626567761456,0.566863646312103,
1380,Full,0,125910,69860,70165,125910,69860,70165,124901,69508,1009,352,0.554840759272496,0.557263124453975,0.554840759272496,0.557263124453975,-0.00242236518147887,-0.00242236518147887,1,0.556504751763397,0.348860257680872
1380,Full,0.025,119438,66217,66307,125910,69860,70165,119260,66173,178,44,0.554404795793634,0.555158324821246,0.554840759272496,0.557263124453975,-0.000753529027612609,-0.00285832866034153,0.948598205067112,0.554863323830287,0.247191011235955
1380,Full,0.05,91201,50841,50899,125910,69860,70165,91083,50811,118,30,0.557460992752272,0.55809695069133,0.554840759272496,0.557263124453975,-0.000635957939057685,0.000197868298297377,0.724334842347709,0.557853825631567,0.254237288135593
1380,Full,0.075,49057,27792,27828,125910,69860,70165,48981,27772,76,20,0.566524654993171,0.567258495219846,0.554840759272496,0.557263124453975,-0.000733840226675109,0.00926153053919609,0.389619569533794,0.566995365549907,0.263157894736842
1380,Full,0.1,17403,9998,10019,125910,69860,70165,17368,9991,35,7,0.574498649658105,0.575705338160087,0.554840759272496,0.557263124453975,-0.00120668850198236,0.0172355252041299,0.138217774600905,0.575253339474896,0.2
1380,Full,0.15,1337,797,797,122946,68382,68684,1333,795,4,2,0.596110695587135,0.596110695587135,0.556195402859792,0.558651765815887,0,0.0374589297712488,0.0108746929546305,0.596399099774944,0.5
1380,Market-state,0.15,500,308,308,86194,47787,47787,500,308,0,0,0.616,0.616,0.554412140056152,0.554412140056152,0,0.0615878599438476,0.00580086780982435,0.616,
