model_id,logloss,auc,aucpr,mean_per_class_error,rmse,mse,algo,horizon_min
GLM_1_AutoML_1_20260923_175254,0.692367461941447,0.512980665975588,0.530934074982345,0.498736310025274,0.499610589161278,0.249610740802079,GLM,1
DeepLearning_grid_3_AutoML_1_20260923_175254_model_3,0.693299182373817,0.498158490194683,0.514515611260985,0.499157540016849,0.500075996239395,0.250076002014823,DeepLearning,1
GBM_grid_1_AutoML_1_20260923_175254_model_3,0.695471334353465,0.509600519705385,0.531511227643415,0.499578770008425,0.501123583281897,0.251124845721289,GBM,1
GBM_grid_1_AutoML_1_20260923_175254_model_7,0.697977858347763,0.528040884908796,0.534866277012575,0.499578770008425,0.502171696770171,0.252176413037033,GBM,1
GBM_3_AutoML_1_20260923_175254,0.698555126471111,0.531623168380954,0.54784389476787,0.5,0.502368223322451,0.252373831804156,GBM,1
DeepLearning_grid_3_AutoML_1_20260923_175254_model_1,0.698843477225401,0.494779673774493,0.513755844477588,0.498315080033698,0.502783629821542,0.252791378416526,DeepLearning,1
DeepLearning_grid_2_AutoML_1_20260923_175254_model_3,0.699261392973252,0.50225010622177,0.520563371064156,0.497840656041608,0.50302422252541,0.253033368447294,DeepLearning,1
GBM_1_AutoML_1_20260923_175254,0.699661722994153,0.514977435769907,0.537719489449702,0.498709713025016,0.503152398189022,0.253162335803364,GBM,1
GBM_5_AutoML_1_20260923_175254,0.700597031295771,0.514258651837952,0.527968069444955,0.499130943016592,0.503532436920553,0.25354491503115,GBM,1
GBM_2_AutoML_1_20260923_175254,0.700769964436884,0.512723339998098,0.535036998265582,0.5,0.503559807237687,0.253572479465257,GBM,1
GBM_4_AutoML_1_20260923_175254,0.703536518125434,0.529408303184525,0.538137875515952,0.498208692032669,0.504413840880614,0.254433322871934,GBM,1
GBM_grid_1_AutoML_1_20260923_175254_model_1,0.704168197771991,0.543058216179088,0.55100681507063,0.498683116024759,0.504562482020788,0.254583298262978,GBM,1
XRT_1_AutoML_1_20260923_175254,0.704198172269941,0.518351597715052,0.538967016276613,0.5,0.505121035901366,0.255147260910069,DRF,1
DRF_1_AutoML_1_20260923_175254,0.706610790909354,0.509138064363411,0.528518248670559,0.492072099148298,0.506341830945199,0.256382049764936,DRF,1
GBM_grid_1_AutoML_1_20260923_175254_model_2,0.70665278047801,0.514753356042739,0.532937493737497,0.499578770008425,0.506148376138358,0.256186178667496,GBM,1
DeepLearning_grid_3_AutoML_1_20260923_175254_model_2,0.707688955479689,0.501144668398575,0.516872353671928,0.498736310025274,0.507155449518095,0.257206649975901,DeepLearning,1
DeepLearning_grid_2_AutoML_1_20260923_175254_model_2,0.711145975548502,0.505557443203768,0.521091957219317,0.5,0.506613550517,0.256657289567441,DeepLearning,1
GBM_grid_1_AutoML_1_20260923_175254_model_4,0.712817462584325,0.496929043857788,0.523145377751426,0.5,0.509119838808609,0.259203010268504,GBM,1
GBM_grid_1_AutoML_1_20260923_175254_model_6,0.713100345133475,0.515794961065316,0.538230394437064,0.499578770008425,0.509044622857373,0.259126428060005,GBM,1
DeepLearning_1_AutoML_1_20260923_175254,0.716803235276647,0.51300360588831,0.530292150532629,0.5,0.509667606293879,0.259761068905332,DeepLearning,1
DeepLearning_grid_2_AutoML_1_20260923_175254_model_1,0.717104008184951,0.499595060671082,0.521135322435857,0.498736310025274,0.509963673196793,0.260062947980366,DeepLearning,1
DeepLearning_grid_1_AutoML_1_20260923_175254_model_2,0.72090544670626,0.52216128553941,0.53488612477145,0.498315080033698,0.511488272782537,0.261620253194063,DeepLearning,1
DeepLearning_grid_1_AutoML_1_20260923_175254_model_3,0.745109398352391,0.508356777480852,0.529264249397353,0.5,0.517611165370644,0.267921318516356,DeepLearning,1
GBM_grid_1_AutoML_1_20260923_175254_model_5,0.760132458511002,0.51135093478482,0.521517174371865,0.5,0.526672355174812,0.277383769705383,GBM,1
DeepLearning_grid_1_AutoML_1_20260923_175254_model_1,0.777661771781286,0.520246966445889,0.535717158378071,0.5,0.526542363789255,0.277246860864776,DeepLearning,1
GLM_1_AutoML_2_20260923_180332,0.692460941513219,0.511625205484957,0.524413338914977,0.498776508972268,0.499656563856231,0.249656681804616,GLM,2
GBM_grid_1_AutoML_2_20260923_180332_model_3,0.693195393785286,0.521435110707572,0.538192605363896,0.49836867862969,0.500020195931949,0.250020196339825,GBM,2
DeepLearning_grid_3_AutoML_2_20260923_180332_model_1,0.694491337540958,0.510336725326421,0.518880090475679,0.494152861970621,0.500633455661639,0.250633856927715,DeepLearning,2
DeepLearning_grid_2_AutoML_2_20260923_180332_model_3,0.694930958443585,0.511023977535738,0.524663261714979,0.499592169657423,0.500873325838305,0.250874088536325,DeepLearning,2
GBM_5_AutoML_2_20260923_180332,0.696612144029699,0.529468018440587,0.535474046460667,0.49870775235562,0.501571731717248,0.251574202057839,GBM,2
DeepLearning_grid_3_AutoML_2_20260923_180332_model_3,0.696796366725232,0.5,0.514455445544554,0.5,0.501804398570432,0.251807654424633,DeepLearning,2
GBM_2_AutoML_2_20260923_180332,0.697307127688016,0.525880430045951,0.543876273565233,0.5,0.50190482366013,0.251908452013306,GBM,2
GBM_1_AutoML_2_20260923_180332,0.697445959669631,0.520821952386514,0.537308840396307,0.498753590100052,0.502069533496118,0.25207381646501,GBM,2
GBM_grid_1_AutoML_2_20260923_180332_model_7,0.698895657643183,0.517776567996212,0.526447692784539,0.499592169657423,0.502694653279575,0.252701914435872,GBM,2
XRT_1_AutoML_2_20260923_180332,0.699914711965351,0.530481472132535,0.533422261040642,0.498753590100052,0.503047006613017,0.253056290862317,DRF,2
GBM_grid_1_AutoML_2_20260923_180332_model_4,0.701918075363224,0.538480472492958,0.537646540537534,0.498776508972268,0.503800808021222,0.253815254162836,GBM,2
GBM_4_AutoML_2_20260923_180332,0.704201878546511,0.527655229835474,0.533267337169951,0.491953278152224,0.505026798098686,0.255052066797811,GBM,2
DRF_1_AutoML_2_20260923_180332,0.704439607873002,0.516499076338054,0.532047290288782,0.499138501570414,0.505305160372535,0.255333305099113,DRF,2
GBM_3_AutoML_2_20260923_180332,0.705426285091064,0.506510843452172,0.520793266530982,0.5,0.50575526480889,0.25578838788191,GBM,2
DeepLearning_grid_2_AutoML_2_20260923_180332_model_2,0.705964645023314,0.502974430073579,0.518132960798662,0.499184339314845,0.505205487678061,0.255232584780028,DeepLearning,2
DeepLearning_grid_1_AutoML_2_20260923_180332_model_2,0.706281890447158,0.521408424349512,0.538129324064665,0.498776508972268,0.505847908469639,0.255882106503108,DeepLearning,2
DeepLearning_grid_2_AutoML_2_20260923_180332_model_1,0.706386772043204,0.511802905233917,0.521459811983228,0.5,0.505891207372825,0.255925913697134,DeepLearning,2
GBM_grid_1_AutoML_2_20260923_180332_model_2,0.707378123568836,0.512218898462489,0.52610128366494,0.5,0.506562915960662,0.256605987826569,GBM,2
DeepLearning_1_AutoML_2_20260923_180332,0.707703706811884,0.512900185485886,0.524919792052575,0.494175780842837,0.506780441971085,0.256826416364409,DeepLearning,2
DeepLearning_grid_3_AutoML_2_20260923_180332_model_2,0.711317659798401,0.488966603749653,0.507692680639311,0.5,0.5079478684363,0.25801103704898,DeepLearning,2
DeepLearning_grid_1_AutoML_2_20260923_180332_model_3,0.715307789422972,0.514854568767291,0.53081510145708,0.5,0.509603826494384,0.259696059977718,DeepLearning,2
GBM_grid_1_AutoML_2_20260923_180332_model_1,0.717929316869982,0.507804346925166,0.520919335213199,0.496283689172371,0.511295559494542,0.261423149158837,GBM,2
GBM_grid_1_AutoML_2_20260923_180332_model_6,0.719793137529034,0.504148001913883,0.521412537197901,0.499161420442629,0.512046901987977,0.262192029835484,GBM,2
DeepLearning_grid_1_AutoML_2_20260923_180332_model_1,0.750713865330189,0.509003977209222,0.518167161217946,0.499592169657423,0.521962533544875,0.272444886424585,DeepLearning,2
GBM_grid_1_AutoML_2_20260923_180332_model_5,0.757541866750634,0.506362027761347,0.512032772071597,0.5,0.525961415842892,0.27663541095546,GBM,2
GLM_1_AutoML_3_20260923_181403,0.692824142247129,0.519153230074018,0.516357929271556,0.499605988967691,0.499836573222499,0.24983659993081,GLM,3
GBM_grid_1_AutoML_3_20260923_181403_model_3,0.692960615267498,0.536181582539415,0.539026166354613,0.499605988967691,0.49985930884356,0.249859328637562,GBM,3
DeepLearning_grid_3_AutoML_3_20260923_181403_model_3,0.693320968971436,0.514430540662967,0.519514645079124,0.5,0.500082418386573,0.250082425179364,DeepLearning,3
GBM_1_AutoML_3_20260923_181403,0.696302086255272,0.529880732285984,0.535497943863762,0.498807685724947,0.501495744249484,0.251497981500343,GBM,3
GBM_5_AutoML_3_20260923_181403,0.699290889401083,0.519886217596902,0.521351499861437,0.499211977935382,0.502839655598673,0.252847719242592,GBM,3
GBM_2_AutoML_3_20260923_181403,0.700410992736444,0.520602271414636,0.522564146499524,0.498787123368695,0.50336691246994,0.253378248569521,GBM,3
GBM_grid_1_AutoML_3_20260923_181403_model_7,0.701194110458616,0.516558442147508,0.521708545715067,0.5,0.503715391570694,0.253729195705218,GBM,3
GBM_3_AutoML_3_20260923_181403,0.701255045990431,0.518339505064085,0.527343919138465,0.497200798061333,0.503798453071389,0.253812881317124,GBM,3
DeepLearning_grid_2_AutoML_3_20260923_181403_model_2,0.703200917275405,0.516986018202524,0.522548409395674,0.499605988967691,0.503734903369224,0.253748852872401,DeepLearning,3
XRT_1_AutoML_3_20260923_181403,0.703393362521677,0.521649137257961,0.525332363101852,0.499605988967691,0.504762733291582,0.254785416919989,DRF,3
DeepLearning_grid_3_AutoML_3_20260923_181403_model_1,0.703921240629509,0.514706015759232,0.514601136092503,0.5,0.503940039165835,0.253955563074463,DeepLearning,3
DeepLearning_grid_2_AutoML_3_20260923_181403_model_3,0.704418430904315,0.52134009713899,0.533275799512521,0.5,0.504188128479745,0.254205668899908,DeepLearning,3
GBM_4_AutoML_3_20260923_181403,0.705223028185683,0.525883773095608,0.530025514523981,0.5,0.505407313482595,0.255436552521695,GBM,3
DeepLearning_grid_3_AutoML_3_20260923_181403_model_2,0.705238172190145,0.521215513451107,0.526888315558222,0.498817966903073,0.505180653899741,0.25520749307457,DeepLearning,3
DRF_1_AutoML_3_20260923_181403,0.705800423442732,0.522604682048519,0.520436243013062,0.499605988967691,0.505693493089136,0.255725908952692,DRF,3
DeepLearning_grid_2_AutoML_3_20260923_181403_model_1,0.708424822146427,0.525687221160842,0.528834207366079,0.5,0.506247324137734,0.256286353196616,DeepLearning,3
GBM_grid_1_AutoML_3_20260923_181403_model_2,0.710611257932517,0.505423321461597,0.51226000358703,0.498403393514512,0.508051014526103,0.258115833361003,GBM,3
GBM_grid_1_AutoML_3_20260923_181403_model_4,0.711271764868631,0.50640154532155,0.514860251920671,0.5,0.508310511011446,0.258379575604718,GBM,3
GBM_grid_1_AutoML_3_20260923_181403_model_6,0.713930862014658,0.520687242327973,0.525080213653807,0.499211977935382,0.509250501509967,0.259336073288153,GBM,3
DeepLearning_1_AutoML_3_20260923_181403,0.716795417542025,0.510669141406719,0.513635723968303,0.498423955870764,0.510740863784093,0.260856229938922,DeepLearning,3
GBM_grid_1_AutoML_3_20260923_181403_model_1,0.722811462372625,0.504371919804392,0.512182851973455,0.499595707789565,0.513260606191203,0.263436449867761,GBM,3
DeepLearning_grid_1_AutoML_3_20260923_181403_model_2,0.727476174104059,0.501773200839186,0.503560024572566,0.5,0.514778662514466,0.264997071380183,DeepLearning,3
DeepLearning_grid_1_AutoML_3_20260923_181403_model_3,0.733320791600795,0.509759257142546,0.514286381980628,0.5,0.515530907269665,0.265772116350284,DeepLearning,3
DeepLearning_grid_1_AutoML_3_20260923_181403_model_1,0.751442723630072,0.53075705152745,0.536314792631405,0.499605988967691,0.520643885703574,0.271070055720516,DeepLearning,3
GBM_grid_1_AutoML_3_20260923_181403_model_5,0.757785598135796,0.51564160296872,0.522999654486123,0.498019663660329,0.525885582965054,0.276555646370494,GBM,3
DeepLearning_grid_2_AutoML_4_20260923_182429_model_2,0.691230012503535,0.515167483660131,0.533496265784692,0.493417366946779,0.499046529611507,0.249047438717289,DeepLearning,5
GLM_1_AutoML_4_20260923_182429,0.692286295111027,0.503871090102708,0.521798844865541,0.496002567693744,0.499569430085409,0.24956961547586,GLM,5
DeepLearning_grid_3_AutoML_4_20260923_182429_model_3,0.692316589551439,0.50859914799253,0.524403032598599,0.497560690943044,0.49958463466673,0.24958480719509,DeepLearning,5
DeepLearning_grid_3_AutoML_4_20260923_182429_model_1,0.693010775235998,0.509909547152194,0.530838810425948,0.496708683473389,0.49993392761189,0.24993393197745,DeepLearning,5
GBM_grid_1_AutoML_4_20260923_182429_model_3,0.693369006742571,0.511152544351074,0.523504260019656,0.498295985060691,0.500080681551963,0.250080688061476,GBM,5
DeepLearning_grid_2_AutoML_4_20260923_182429_model_3,0.69407735210147,0.485810574229692,0.511090802227685,0.499603174603175,0.50045593249278,0.250456140367218,DeepLearning,5
GBM_2_AutoML_4_20260923_182429,0.695168134100171,0.522767857142857,0.541841268586416,0.495489028944911,0.500961594122208,0.250962518785464,GBM,5
GBM_grid_1_AutoML_4_20260923_182429_model_7,0.69840154611035,0.502283204948646,0.522516345103225,0.497619047619048,0.502554511358283,0.252561036886562,GBM,5
XRT_1_AutoML_4_20260923_182429,0.699853344826049,0.52609506302521,0.547201775258993,0.498721988795518,0.503088112450339,0.253097648888845,DRF,5
GBM_5_AutoML_4_20260923_182429,0.700333999239934,0.502510795985061,0.516441993662707,0.499603174603175,0.503416715524142,0.253428389469115,GBM,5
GBM_1_AutoML_4_20260923_182429,0.701553850796856,0.504541900093371,0.526407941735508,0.5,0.50404276453421,0.254059108479289,GBM,5
DRF_1_AutoML_4_20260923_182429,0.703136883203147,0.516919351073763,0.528830543177537,0.499603174603175,0.504605024909652,0.254626231164071,DRF,5
GBM_3_AutoML_4_20260923_182429,0.703296963745156,0.505079948646125,0.520564854302264,0.498721988795518,0.504822578665452,0.254845835930436,GBM,5
GBM_grid_1_AutoML_4_20260923_182429_model_2,0.703787050497358,0.509020191409897,0.524375180796582,0.499206349206349,0.504991536151683,0.255016451584836,GBM,5
GBM_grid_1_AutoML_4_20260923_182429_model_4,0.704473930371386,0.50890347805789,0.520819924411635,0.497869981325864,0.50527966302618,0.25530753786785,GBM,5
DeepLearning_1_AutoML_4_20260923_182429,0.705759408486054,0.496075513538749,0.51866133443711,0.499603174603175,0.506035983705589,0.256072416804883,DeepLearning,5
GBM_4_AutoML_4_20260923_182429,0.706062980539796,0.512935632586368,0.529097797283087,0.499573996265173,0.505999321473929,0.256035313332077,GBM,5
DeepLearning_grid_2_AutoML_4_20260923_182429_model_1,0.707927100373107,0.496824813258637,0.516621657103763,0.49750233426704,0.506300955812012,0.256340657856157,DeepLearning,5
DeepLearning_grid_1_AutoML_4_20260923_182429_model_3,0.710513220712845,0.500825163398693,0.515909253797389,0.5,0.507788043549839,0.257848697172173,DeepLearning,5
GBM_grid_1_AutoML_4_20260923_182429_model_6,0.718352219792549,0.501381010737628,0.518279407672936,0.5,0.511334627055197,0.261463100825677,GBM,5
GBM_grid_1_AutoML_4_20260923_182429_model_1,0.719882372602503,0.494974031279178,0.522549246416456,0.497560690943044,0.512315144104524,0.262466806878839,GBM,5
DeepLearning_grid_3_AutoML_4_20260923_182429_model_2,0.732537995101093,0.5,0.519083969465649,0.5,0.518274726853181,0.268608692494739,DeepLearning,5
DeepLearning_grid_1_AutoML_4_20260923_182429_model_2,0.745017644804055,0.523027252567694,0.536624983531299,0.49875116713352,0.514133462279212,0.26433321703521,DeepLearning,5
DeepLearning_grid_1_AutoML_4_20260923_182429_model_1,0.755584626151586,0.5149956232493,0.520872427255791,0.499177170868347,0.523136762111272,0.273672071872265,DeepLearning,5
GBM_grid_1_AutoML_4_20260923_182429_model_5,0.766625457569982,0.495964344070962,0.519963992687956,0.5,0.529689539206922,0.280571007945242,GBM,5
GLM_1_AutoML_5_20260923_183457,0.691731517304108,0.511180682873607,0.533741481598682,0.498811410459588,0.499292265117405,0.249292766006069,GLM,7
DeepLearning_grid_3_AutoML_5_20260923_183457_model_2,0.692307074063578,0.496685127064854,0.515583704780972,0.5,0.499579728409326,0.249579905037536,DeepLearning,7
GBM_grid_1_AutoML_5_20260923_183457_model_3,0.692544853991677,0.5212510372465,0.54069942319791,0.498382125638892,0.499684727941687,0.249684827338158,GBM,7
DeepLearning_grid_2_AutoML_5_20260923_183457_model_3,0.695254187072773,0.515249106040256,0.539165362341693,0.498811410459588,0.500889324776896,0.250890115675455,DeepLearning,7
GBM_grid_1_AutoML_5_20260923_183457_model_4,0.69606035194935,0.538501842011677,0.556070207065166,0.497622820919176,0.501271693434771,0.251273310638963,GBM,7
DeepLearning_grid_3_AutoML_5_20260923_183457_model_3,0.696903019301612,0.517456239994384,0.545709619550999,0.497622820919176,0.501801941646419,0.251805188640116,DeepLearning,7
GBM_5_AutoML_5_20260923_183457,0.69737292535494,0.521663921775789,0.542553406614651,0.499207606973059,0.501891239659245,0.251894816446694,GBM,7
DeepLearning_grid_3_AutoML_5_20260923_183457_model_1,0.698118642427646,0.51449843305286,0.538233389355298,0.499174518665833,0.501362293248943,0.251364149091839,DeepLearning,7
GBM_grid_1_AutoML_5_20260923_183457_model_7,0.698866715281085,0.518060173532347,0.536626920030317,0.5,0.502622968773329,0.252629848738515,GBM,7
GBM_2_AutoML_5_20260923_183457,0.699514505502566,0.518228492312579,0.532345740789076,0.497490467690275,0.502902078172517,0.252910500230236,GBM,7
GBM_1_AutoML_5_20260923_183457,0.701273880751826,0.505798510047912,0.537685501588831,0.5,0.503910949361034,0.253926244885938,GBM,7
GBM_3_AutoML_5_20260923_183457,0.701997234518396,0.507410054471985,0.537764655661978,0.499603803486529,0.504216213870325,0.254233990329726,GBM,7
DeepLearning_grid_2_AutoML_5_20260923_183457_model_2,0.702219651564106,0.519386007616641,0.541661555920647,0.498778322152363,0.503293612197281,0.253304460078587,DeepLearning,7
DeepLearning_1_AutoML_5_20260923_183457,0.703679011513136,0.524246823810231,0.550416678189759,0.5,0.504694280133782,0.254716316399756,DeepLearning,7
XRT_1_AutoML_5_20260923_183457,0.704382562728133,0.521669388539591,0.535423695896928,0.5,0.5050245687152,0.255049815005974,DRF,7
DRF_1_AutoML_5_20260923_183457,0.704805485061423,0.524308684558521,0.534107795417773,0.5,0.505199374603706,0.255226408099976,DRF,7
GBM_grid_1_AutoML_5_20260923_183457_model_2,0.708946870498648,0.506432366924583,0.527217038908041,0.5,0.507197168940282,0.257248968181037,GBM,7
GBM_4_AutoML_5_20260923_183457,0.709459998551007,0.521284988726958,0.53583481004877,0.5,0.507190780372514,0.25724248769488,GBM,7
GBM_grid_1_AutoML_5_20260923_183457_model_6,0.710783018628748,0.518401414683382,0.539908228770622,0.493296884404992,0.507981114396334,0.258044812583341,GBM,7
DeepLearning_grid_1_AutoML_5_20260923_183457_model_3,0.714265713144626,0.505438279085773,0.528774645216182,0.5,0.509580544254152,0.259672331082358,DeepLearning,7
GBM_grid_1_AutoML_5_20260923_183457_model_1,0.714683086198107,0.520216380265788,0.536929261518023,0.5,0.509479724961113,0.259569590146452,GBM,7
DeepLearning_grid_2_AutoML_5_20260923_183457_model_1,0.722821167660207,0.51525946411904,0.541928873508293,0.499603803486529,0.51042933111923,0.260538102066824,DeepLearning,7
DeepLearning_grid_1_AutoML_5_20260923_183457_model_2,0.740513951505058,0.520630127968309,0.538836199301501,0.499207606973059,0.514870276420828,0.26509140154166,DeepLearning,7
GBM_grid_1_AutoML_5_20260923_183457_model_5,0.764337904096134,0.501665061164455,0.527163204463744,0.5,0.528684602075843,0.279507408472093,GBM,7
DeepLearning_grid_1_AutoML_5_20260923_183457_model_1,0.767782394977703,0.526600697213792,0.553898064721739,0.496334966457088,0.523115080761422,0.273649387720029,DeepLearning,7
