candidate_id,horizon,feature_set,model_id,xgb_depth,target_coverage,selected_n,wins,overall_wr,base_wins,overall_baseline_wr,overall_edge,total_nonoverlap_n,nonoverlap_fraction,avg_active_weeks_full,min_active_weeks_full,folds_over_50,full_years_over_50,min_full_year_wr,max_full_year_wr,max_top_day_share_all,max_top5_day_share_all,max_top5_day_share_full,long_n,long_wins,long_wr,short_n,short_wins,short_wr,mean_actual_coverage,temporal_ok,persistence_ok,wr_block_lower,wr_block_upper,edge_block_lower,edge_block_upper,statistically_robust
7__NQ_ES__xgb_d2__0.0100,7,NQ_ES,xgb_d2,2,0.01,701,410,0.584878744650499,369,0.526390870185449,0.0584878744650499,701,1,51,49,3,3,0.537735849056604,0.635071090047393,0.0952380952380952,0.333333333333333,0.0990566037735849,479,280,0.58455114822547,222,130,0.585585585585586,0.0100386899629017,TRUE,TRUE,0.550066978281936,0.62103941616915,0.0148610446247847,0.100452359936821,TRUE
7__NQ_ES__xgb_d2__0.0500,7,NQ_ES,xgb_d2,2,0.05,3647,2058,0.564299424184261,1904,0.522072936660269,0.0422264875239923,3647,1,52.6666666666667,52,4,3,0.565094339622642,0.569787985865724,0.0495495495495496,0.193693693693694,0.0512367491166078,2760,1546,0.560144927536232,887,512,0.577226606538895,0.0523847885522851,TRUE,TRUE,0.54806357010971,0.580383266049664,0.0271686205839234,0.059333758175653,TRUE
7__NQ_ONLY__xgb_d2__0.0500,7,NQ_ONLY,xgb_d2,2,0.05,3818,2125,0.556574122577266,1982,0.519119958093243,0.037454164484023,3818,1,52.6666666666667,52,4,3,0.558310376492195,0.561231630510847,0.0480769230769231,0.192307692307692,0.0485347985347985,2861,1582,0.552953512757777,957,543,0.567398119122257,0.0537592572008643,TRUE,TRUE,0.543288375791103,0.573264030655747,0.0209868051537237,0.0529280440744772,TRUE
10__NQ_ES__xgb_d4__0.0050,10,NQ_ES,xgb_d4,4,0.005,326,193,0.592024539877301,158,0.484662576687117,0.107361963190184,326,1,40,35,4,3,0.548387096774194,0.595238095238095,0.294117647058824,0.529411764705882,0.209677419354839,187,106,0.566844919786096,139,87,0.62589928057554,0.00454997462772452,TRUE,TRUE,0.541656353135314,0.645208728652751,0.0358155808494619,0.176829758450318,TRUE
7__NQ_ONLY__ranger__0.0200,7,NQ_ONLY,ranger,,0.02,1593,901,0.565599497802888,833,0.522912743251726,0.0426867545511613,1593,1,52.6666666666667,52,4,3,0.549473684210526,0.593333333333333,0.0649350649350649,0.246753246753247,0.0610526315789474,1196,671,0.561036789297659,397,230,0.579345088161209,0.0219826218127429,TRUE,TRUE,0.541369761862631,0.589598674588833,0.0165622205634219,0.0676043888457996,TRUE
7__NQ_ONLY__xgb_d3__0.1000,7,NQ_ONLY,xgb_d3,3,0.1,7127,3941,0.552967588045461,3641,0.510874140592114,0.0420934474533464,7127,1,52.6666666666667,52,3,3,0.543538038496792,0.56488181379643,0.0363636363636364,0.170454545454545,0.0411184210526316,5000,2742,0.5484,2127,1199,0.563704748472026,0.102657267569915,TRUE,TRUE,0.540940120830063,0.564229249011858,0.0286424517880195,0.0544225232595202,TRUE
7__NQ_ONLY__ranger__0.0500,7,NQ_ONLY,ranger,,0.05,3904,2182,0.55891393442623,2050,0.525102459016393,0.0338114754098361,3904,1,52.6666666666667,52,4,3,0.554498269896194,0.57716894977169,0.0495049504950495,0.198019801980198,0.0493079584775087,2990,1666,0.557190635451505,914,516,0.564551422319475,0.0544775312461611,TRUE,TRUE,0.540717291400825,0.574234176852989,0.0175970589256873,0.049503269996984,TRUE
7__NQ_ONLY__logit__0.0200,7,NQ_ONLY,logit,,0.02,1287,727,0.564879564879565,689,0.535353535353535,0.0295260295260295,1287,1,52.3333333333333,51,3,3,0.550403225806452,0.58876404494382,0.0909090909090909,0.363636363636364,0.125842696629213,856,495,0.578271028037383,431,232,0.538283062645012,0.0174133171219044,TRUE,TRUE,0.540473418484913,0.591751005388253,0.00216648841354724,0.0614515054927055,TRUE
7__NQ_ONLY__xgb_d4__0.1000,7,NQ_ONLY,xgb_d4,4,0.1,7016,3864,0.550741163055872,3529,0.502993158494869,0.0477480045610034,7016,1,52.6666666666667,52,4,3,0.536091549295775,0.56281179138322,0.0368550368550369,0.164619164619165,0.0413732394366197,4813,2609,0.542073550799917,2203,1255,0.569677712210622,0.0998406757113965,TRUE,TRUE,0.539913241194528,0.562206854074441,0.0355667802766789,0.0593799207610721,TRUE
5__NQ_ONLY__logit__0.0500,5,NQ_ONLY,logit,,0.05,3212,1793,0.558219178082192,1677,0.522104607721046,0.0361145703611457,3212,1,52.6666666666667,52,4,3,0.541176470588235,0.570017953321364,0.0406091370558376,0.187817258883249,0.069683257918552,2171,1220,0.561953017042837,1041,573,0.550432276657061,0.0461488143088322,TRUE,TRUE,0.539893770874608,0.57723680849511,0.0150848815382967,0.056183091979712,TRUE
7__NQ_ES__xgb_d3__0.1000,7,NQ_ES,xgb_d3,3,0.1,7264,3997,0.550247797356828,3750,0.516244493392071,0.0340033039647577,7264,1,52.6666666666667,52,4,3,0.542538354253836,0.563118811881188,0.0414847161572052,0.189956331877729,0.0398924249215598,5107,2812,0.550616800469943,2157,1185,0.549374130737135,0.105059410428701,TRUE,TRUE,0.539236820346766,0.56217557055698,0.02287166121146,0.0462429991801693,TRUE
7__NQ_ES__ranger__0.1000,7,NQ_ES,ranger,,0.1,7220,3983,0.551662049861496,3798,0.526038781163435,0.0256232686980609,7220,1,52.6666666666667,52,4,3,0.551823023351086,0.554261760596181,0.036231884057971,0.164251207729469,0.0401262398557259,5664,3121,0.551024011299435,1556,862,0.553984575835476,0.102555896663083,TRUE,TRUE,0.539224743951484,0.562518014965145,0.0158965649579276,0.0363312409239914,TRUE
7__NQ_ES__xgb_d3__0.0500,7,NQ_ES,xgb_d3,3,0.05,3767,2096,0.556410937085214,1917,0.508893018316963,0.0475179187682506,3767,1,52.6666666666667,52,4,3,0.54625550660793,0.573970037453184,0.052863436123348,0.202643171806167,0.051498127340824,2612,1439,0.550918836140888,1155,657,0.568831168831169,0.0540135074036034,TRUE,TRUE,0.53897629135018,0.572060116739288,0.0308531375153597,0.0638696637534551,TRUE
7__NQ_ES__xgb_d2__0.1000,7,NQ_ES,xgb_d2,2,0.1,7293,4008,0.549568078979844,3817,0.523378582202112,0.0261894967777321,7293,1,52.6666666666667,52,3,3,0.546846846846847,0.560165975103734,0.0382882882882883,0.168918918918919,0.0394308943089431,5559,3057,0.549919050188883,1734,951,0.548442906574394,0.104766606536653,TRUE,TRUE,0.538523101400303,0.561427780852241,0.0154532582181402,0.0363627159727154,TRUE
7__NQ_ONLY__logit__0.0500,7,NQ_ONLY,logit,,0.05,3289,1825,0.55487990270599,1725,0.524475524475525,0.0304043782304652,3289,1,52.6666666666667,52,4,3,0.536992840095465,0.567332754126846,0.043956043956044,0.203296703296703,0.0847255369928401,2272,1273,0.560299295774648,1017,552,0.542772861356932,0.0463866293102137,TRUE,TRUE,0.538370795591799,0.573625998485847,0.0114159931265589,0.0508486783567352,TRUE
7__NQ_ONLY__ranger__0.1000,7,NQ_ONLY,ranger,,0.1,7457,4087,0.548075633632828,3894,0.522193911760762,0.0258817218720665,7457,1,52.6666666666667,52,4,3,0.54046881910659,0.555555555555556,0.0368663594470046,0.165898617511521,0.0393366756652526,5743,3147,0.54797144349643,1714,940,0.548424737456243,0.106221796740225,TRUE,TRUE,0.537864482389867,0.559989522469134,0.015406947668967,0.0368284176418664,TRUE
7__NQ_ONLY__xgb_d3__0.0500,7,NQ_ONLY,xgb_d3,3,0.05,3782,2096,0.554204124801692,1901,0.502644103648863,0.0515600211528292,3782,1,52.6666666666667,52,3,3,0.542709232096635,0.569526627218935,0.0558139534883721,0.195348837209302,0.0457290767903365,2581,1406,0.544750096861682,1201,690,0.574521232306411,0.0536402317276134,TRUE,TRUE,0.537826059056654,0.570094272474142,0.0334358002920788,0.0689034248053995,TRUE
7__NQ_ES__logit__0.1000,7,NQ_ES,logit,,0.1,6741,3706,0.549770063788755,3506,0.520100875241062,0.0296691885476932,6741,1,52.6666666666667,52,4,3,0.543906333155934,0.556679308891698,0.0407608695652174,0.184782608695652,0.0661609776654024,4502,2500,0.555308751665926,2239,1206,0.538633318445735,0.094834610939376,TRUE,TRUE,0.537803824043828,0.563579195223611,0.0162576937934231,0.0433971988563387,TRUE
1__NQ_ONLY__xgb_d2__0.1000,1,NQ_ONLY,xgb_d2,2,0.1,7048,3869,0.548950056753689,3414,0.484392735527809,0.0645573212258797,7048,1,52.6666666666667,52,4,3,0.538046146293569,0.554514480408859,0.0344827586206897,0.148706896551724,0.0381991814461119,4303,2315,0.537996746455961,2745,1554,0.566120218579235,0.102692750951504,TRUE,TRUE,0.537644294745327,0.560158362691779,0.0491852337415939,0.0784723993459988,TRUE
5__NQ_ONLY__ranger__0.0500,5,NQ_ONLY,ranger,,0.05,3669,2028,0.552739165985282,1901,0.518124829653857,0.0346143363314255,3669,1,52.6666666666667,52,4,3,0.519793459552496,0.578598484848485,0.0473684210526316,0.194736842105263,0.0475812846946868,2779,1527,0.549478229578985,890,501,0.562921348314607,0.0511635690599209,TRUE,TRUE,0.537578300700379,0.568820687686342,0.0183124738590947,0.0514350978922194,TRUE
7__NQ_ES__xgb_d2__0.0200,7,NQ_ES,xgb_d2,2,0.02,1440,810,0.5625,741,0.514583333333333,0.0479166666666667,1440,1,52.6666666666667,52,3,3,0.552106430155211,0.579520697167756,0.0864197530864198,0.283950617283951,0.0709534368070954,1056,586,0.554924242424242,384,224,0.583333333333333,0.0203803078611885,TRUE,TRUE,0.537491061241907,0.586501290616459,0.0237444502097771,0.0733547219099877,TRUE
5__NQ_ES__logit__0.1000,5,NQ_ES,logit,,0.1,6552,3602,0.5497557997558,3397,0.518467643467644,0.0312881562881563,6552,1,52.6666666666667,52,4,3,0.542612419700214,0.554518950437318,0.036319612590799,0.174334140435835,0.0539614561027837,4501,2487,0.552543879137969,2051,1115,0.543637250121892,0.0946303250761324,TRUE,TRUE,0.537394837657697,0.563743421265747,0.0168680004772934,0.0444765618638794,TRUE
5__NQ_ES__ranger__0.1000,5,NQ_ES,ranger,,0.1,7334,4028,0.549222797927461,3836,0.523043359694573,0.0261794382328879,7334,1,52.6666666666667,52,4,3,0.533450704225352,0.560906515580737,0.0380313199105145,0.1834451901566,0.0404694455685957,5826,3188,0.547202197047717,1508,840,0.557029177718833,0.105324577358872,TRUE,TRUE,0.536995177109922,0.5613051372417,0.0154375945309645,0.0376952471034549,TRUE
5__NQ_ES__xgb_d5__0.0200,5,NQ_ES,xgb_d5,5,0.02,1323,744,0.562358276643991,676,0.510959939531368,0.0513983371126228,1323,1,52.3333333333333,51,4,3,0.543973941368078,0.584352078239609,0.0609756097560976,0.268292682926829,0.107491856677524,846,474,0.560283687943262,477,270,0.566037735849057,0.0190325249015714,TRUE,TRUE,0.536910404167202,0.586967259151579,0.0210510534206581,0.0797642524906502,TRUE
60__NQ_ONLY__ranger__0.2000,60,NQ_ONLY,ranger,,0.2,13150,7215,0.548669201520913,7185,0.54638783269962,0.00228136882129278,4946,0.376121673003802,52.6666666666667,52,3,3,0.550354609929078,0.555097087378641,0.0401376146788991,0.186926605504587,0.0442973523421589,12970,7110,0.548188126445644,180,105,0.583333333333333,0.203982978489591,TRUE,TRUE,0.536868380736922,0.561607489660509,0.000151670948880026,0.00464013488641315,TRUE
1__NQ_ONLY__logit__0.1000,1,NQ_ONLY,logit,,0.1,6647,3646,0.548518128479013,3260,0.490446818113435,0.0580713103655785,6647,1,52.6666666666667,52,4,3,0.543215211754538,0.556696220251983,0.046242774566474,0.177263969171484,0.0704407951598963,4110,2223,0.540875912408759,2537,1423,0.560898699251084,0.100442329528176,TRUE,TRUE,0.536832435043618,0.560457977724683,0.0420179027748029,0.0745243531282558,TRUE
5__NQ_ES__xgb_d3__0.0500,5,NQ_ES,xgb_d3,3,0.05,3694,2038,0.551705468327017,1888,0.511099079588522,0.0406063887384949,3694,1,52.6666666666667,52,4,3,0.53156146179402,0.568204121687929,0.0588235294117647,0.235294117647059,0.0465666929755328,2667,1456,0.545931758530184,1027,582,0.566699123661149,0.0520811426690852,TRUE,TRUE,0.536578102471046,0.57088234104388,0.0222364103691273,0.0594716384255922,TRUE
1__NQ_ES__xgb_d3__0.1000,1,NQ_ES,xgb_d3,3,0.1,7238,3969,0.548355899419729,3527,0.487289306438243,0.0610665929814866,7238,1,52.6666666666667,52,4,3,0.548444444444444,0.552189930413426,0.0332594235033259,0.150776053215078,0.0382043935052531,4082,2226,0.5453209211171,3156,1743,0.552281368821293,0.104306022256053,TRUE,TRUE,0.536391008775683,0.559834318346355,0.0473730188133988,0.076301925885584,TRUE
7__NQ_ONLY__xgb_d2__0.0100,7,NQ_ONLY,xgb_d2,2,0.01,730,418,0.572602739726027,366,0.501369863013699,0.0712328767123288,730,1,52.3333333333333,52,4,3,0.529411764705882,0.601503759398496,0.075,0.3,0.0827067669172932,484,271,0.559917355371901,246,147,0.597560975609756,0.0102829758315764,TRUE,TRUE,0.536052214962148,0.611207598371778,0.0262002325685406,0.115340274508718,TRUE
7__NQ_ONLY__xgb_d4__0.0500,7,NQ_ONLY,xgb_d4,4,0.05,3741,2056,0.549585672280139,1860,0.4971932638332,0.0523924084469393,3741,1,52.6666666666667,52,3,3,0.539024390243903,0.565836298932384,0.0424528301886792,0.212264150943396,0.051063829787234,2531,1361,0.537732121691031,1210,695,0.574380165289256,0.053004897116268,TRUE,TRUE,0.535838148401797,0.565550826098355,0.0350108100912868,0.0692100987563984,TRUE
5__NQ_ES__logit__0.0500,5,NQ_ES,logit,,0.05,3210,1777,0.553582554517134,1658,0.516510903426791,0.0370716510903427,3210,1,52.6666666666667,52,4,3,0.536418166238218,0.567748091603053,0.0552763819095477,0.21105527638191,0.078834618680377,2171,1204,0.554583141409489,1039,573,0.551491819056785,0.0462039932266553,TRUE,TRUE,0.53549731756386,0.57284609675104,0.0206587653350834,0.0566120229268961,TRUE
5__NQ_ES__xgb_d2__0.1000,5,NQ_ES,xgb_d2,2,0.1,7211,3951,0.547912910830675,3767,0.52239633892664,0.0255165719040355,7211,1,52.6666666666667,52,4,3,0.54078947368421,0.551666666666667,0.0420353982300885,0.176991150442478,0.0403508771929825,5567,3048,0.547512125022454,1644,903,0.549270072992701,0.104114033844522,TRUE,TRUE,0.535404957216828,0.560719603385733,0.0140523590724052,0.0362436509044469,TRUE
7__NQ_ONLY__xgb_d2__0.0200,7,NQ_ONLY,xgb_d2,2,0.02,1535,858,0.558957654723127,778,0.506840390879479,0.0521172638436482,1535,1,52.6666666666667,52,3,3,0.543967280163599,0.583333333333333,0.072289156626506,0.253012048192771,0.0659133709981168,1104,606,0.548913043478261,431,252,0.584686774941995,0.0215733165148556,TRUE,TRUE,0.534753130249554,0.583281082529475,0.0270439950575173,0.0757889873522113,TRUE
7__NQ_ONLY__xgb_d2__0.1000,7,NQ_ONLY,xgb_d2,2,0.1,7348,4015,0.546407185628743,3844,0.523135547087643,0.0232716385410996,7348,1,52.6666666666667,52,3,3,0.54590237348858,0.551937984496124,0.0351288056206089,0.159250585480094,0.0395348837209302,5579,3057,0.547947660871124,1769,958,0.541548897682306,0.104639381709869,TRUE,TRUE,0.534638644828381,0.558463333558483,0.0122845269856218,0.034658261133791,TRUE
60__NQ_ES__xgb_d3__0.2000,60,NQ_ES,xgb_d3,3,0.2,13039,7132,0.54697446123169,7077,0.542756346345579,0.0042181148861109,5284,0.405245801058363,52.6666666666667,52,4,3,0.540598290598291,0.553832321870083,0.0615989515072084,0.231979030144168,0.0597510373443983,12659,6915,0.546251678647603,380,217,0.571052631578947,0.197340879682965,TRUE,TRUE,0.534510816589167,0.560797212172882,0.00105738894922904,0.00784291650678388,TRUE
1__NQ_ES__xgb_d2__0.0200,1,NQ_ES,xgb_d2,2,0.02,1415,792,0.559717314487633,690,0.487632508833922,0.0720848056537102,1415,1,52.6666666666667,52,4,3,0.536407766990291,0.591194968553459,0.0555555555555556,0.255555555555556,0.0649895178197065,655,375,0.572519083969466,760,417,0.548684210526316,0.0204738841888016,TRUE,TRUE,0.534370108983858,0.585471614349671,0.0375971571693279,0.105526157003682,TRUE
7__NQ_ES__xgb_d3__0.0200,7,NQ_ES,xgb_d3,3,0.02,1538,861,0.559817945383615,771,0.501300390117035,0.05851755526658,1538,1,52.6666666666667,52,3,3,0.546906187624751,0.584821428571429,0.0909090909090909,0.337662337662338,0.0714285714285714,1018,560,0.550098231827112,520,301,0.578846153846154,0.0213331644571651,TRUE,TRUE,0.53423708209983,0.583053292686319,0.0325618837155027,0.0839962422037972,TRUE
1__NQ_ONLY__xgb_d2__0.2000,1,NQ_ONLY,xgb_d2,2,0.2,14054,7619,0.542123238935534,6819,0.485199943076704,0.0569232958588302,14054,1,52.6666666666667,52,4,3,0.533678756476684,0.548614166300044,0.0263157894736842,0.126315789473684,0.0313235986811116,8679,4629,0.533356377462841,5375,2990,0.556279069767442,0.205855535534773,TRUE,TRUE,0.533911919383072,0.550025041306714,0.0465911218748103,0.0671070845531186,TRUE
5__NQ_ONLY__xgb_d3__0.0200,5,NQ_ONLY,xgb_d3,3,0.02,1468,821,0.559264305177112,732,0.498637602179837,0.0606267029972752,1468,1,52.6666666666667,52,4,3,0.522727272727273,0.59746835443038,0.0602409638554217,0.265060240963855,0.0711462450592885,982,537,0.546843177189409,486,284,0.584362139917696,0.0207836077921995,TRUE,TRUE,0.533686818880571,0.584124992807385,0.0342678052333858,0.089183469565414,TRUE
7__NQ_ES__xgb_d4__0.1000,7,NQ_ES,xgb_d4,4,0.1,7132,3882,0.544307347167695,3642,0.510656197420079,0.0336511497476164,7132,1,52.6666666666667,52,4,3,0.54018048990116,0.550974173085637,0.0469798657718121,0.192393736017897,0.0394200271862256,4787,2608,0.544808857321914,2345,1274,0.543283582089552,0.102994281107876,TRUE,TRUE,0.533615253212461,0.554821675287928,0.0213992055653389,0.0455870098708727,TRUE
7__NQ_ONLY__xgb_d2__0.0050,7,NQ_ONLY,xgb_d2,2,0.005,340,199,0.585294117647059,157,0.461764705882353,0.123529411764706,340,1,44.6666666666667,43,4,3,0.541666666666667,0.62962962962963,0.133333333333333,0.466666666666667,0.138888888888889,195,107,0.548717948717949,145,92,0.63448275862069,0.00462231926873211,TRUE,TRUE,0.533522837706511,0.637729712987817,0.0565189701226751,0.197103943850267,TRUE
5__NQ_ES__ranger__0.0500,5,NQ_ES,ranger,,0.05,3769,2076,0.55080923321836,1977,0.524542318917485,0.0262669143008756,3769,1,52.6666666666667,52,4,3,0.531017369727047,0.56420233463035,0.055,0.22,0.0495495495495496,3048,1671,0.548228346456693,721,405,0.561719833564494,0.0527752513560103,TRUE,TRUE,0.533456753310949,0.567272402061668,0.0104887226502823,0.0400878716607942,TRUE
1__NQ_ES__xgb_d2__0.1000,1,NQ_ES,xgb_d2,2,0.1,7039,3838,0.545247904531894,3441,0.48884784770564,0.0564000568262537,7039,1,52.6666666666667,52,4,3,0.541176470588235,0.550411077455647,0.037117903930131,0.15938864628821,0.0383495145631068,4277,2309,0.539864390928221,2762,1529,0.553584359160029,0.102310305244271,TRUE,TRUE,0.533295921068344,0.557153761820974,0.039597543733551,0.0725837213101364,TRUE
5__NQ_ONLY__xgb_d4__0.1000,5,NQ_ONLY,xgb_d4,4,0.1,6993,3812,0.545116545116545,3587,0.512941512941513,0.0321750321750322,6993,1,52.6666666666667,52,4,3,0.532575426322694,0.551951104842501,0.045662100456621,0.189497716894977,0.045037166593791,4833,2638,0.545830746948066,2160,1174,0.543518518518519,0.100927675811131,TRUE,TRUE,0.532953417772259,0.557802563622444,0.0181776907151655,0.0464073405377444,TRUE
7__NQ_ONLY__ranger__0.2000,7,NQ_ONLY,ranger,,0.2,14614,7911,0.541330231285069,7556,0.517038456274805,0.0242917750102641,14614,1,52.6666666666667,52,4,3,0.541657050542349,0.544816522959695,0.0300668151447661,0.141425389755011,0.0320746132848044,10941,5925,0.541540992596655,3673,1986,0.540702423087395,0.210324358147836,TRUE,TRUE,0.532924453885296,0.550127402058729,0.0154041533089875,0.0326903797714734,TRUE
1__NQ_ES__xgb_d2__0.2000,1,NQ_ES,xgb_d2,2,0.2,14021,7582,0.54076028813922,6834,0.487411739533557,0.0533485486056629,14021,1,52.6666666666667,52,4,3,0.535791757049892,0.545433526011561,0.0289079229122056,0.134903640256959,0.0318148951554592,8564,4581,0.534913591779542,5457,3001,0.549935862195345,0.204767777114452,TRUE,TRUE,0.53252109736755,0.548466547555085,0.0430928691125182,0.0633532223905554,TRUE
5__NQ_ONLY__ranger__0.1000,5,NQ_ONLY,ranger,,0.1,7347,4006,0.545256567306384,3837,0.522253981216823,0.0230025860895604,7347,1,52.6666666666667,52,4,3,0.524496937882765,0.556713426853707,0.0389016018306636,0.183066361556064,0.0396793587174349,5636,3079,0.546309439318666,1711,927,0.541788427819988,0.105021163907605,TRUE,TRUE,0.532416081254588,0.557006364049605,0.0124144230584176,0.0342048795594293,TRUE
7__NQ_ES__xgb_d3__0.2000,7,NQ_ES,xgb_d3,3,0.2,14120,7631,0.540439093484419,7222,0.511473087818697,0.0289660056657224,14120,1,52.6666666666667,52,4,3,0.536145952109464,0.547875852960599,0.0361842105263158,0.153508771929825,0.0325775918996258,9911,5354,0.540207849863788,4209,2277,0.540983606557377,0.205185836957264,TRUE,TRUE,0.532320771583299,0.548023550064143,0.0199581578408944,0.0376574062590151,TRUE
5__NQ_ES__xgb_d2__0.0500,5,NQ_ES,xgb_d2,2,0.05,3624,1995,0.550496688741722,1881,0.519039735099338,0.0314569536423841,3624,1,52.6666666666667,52,4,3,0.542929292929293,0.556580050293378,0.0603015075376884,0.226130653266332,0.0502933780385583,2813,1538,0.546747244934234,811,457,0.563501849568434,0.0510391438523044,TRUE,TRUE,0.532298676348253,0.567277183691451,0.0162794082582459,0.0480094735047657,TRUE
1__NQ_ONLY__xgb_d4__0.2000,1,NQ_ONLY,xgb_d4,4,0.2,14233,7684,0.539872128152884,6889,0.484016019110518,0.0558561090423663,14233,1,52.6666666666667,52,4,3,0.528531337698784,0.549691423707172,0.0285714285714286,0.136,0.0315715622076707,8597,4573,0.531929742933582,5636,3111,0.551987224982257,0.204538559698101,TRUE,TRUE,0.531885181791793,0.54800800660526,0.0444682095997096,0.0661630427867475,TRUE
7__NQ_ONLY__logit__0.2000,7,NQ_ONLY,logit,,0.2,13636,7368,0.540334408917571,7090,0.519947198591963,0.0203872103256087,13636,1,52.6666666666667,52,4,3,0.541284403669725,0.544231646146831,0.0328282828282828,0.146464646464646,0.0417236662106703,9399,5135,0.546334716459198,4237,2233,0.527023837620958,0.194084229415465,TRUE,TRUE,0.531800910526976,0.549107800392925,0.011399527301541,0.030225460338392,TRUE
5__NQ_ES__xgb_d5__0.0500,5,NQ_ES,xgb_d5,5,0.05,3392,1868,0.550707547169811,1702,0.501768867924528,0.048938679245283,3392,1,52.6666666666667,52,4,3,0.546289211935731,0.564668769716088,0.0478468899521531,0.205741626794258,0.0648648648648649,2217,1207,0.544429409111412,1175,661,0.562553191489362,0.0487549638556472,TRUE,TRUE,0.531763526595558,0.567765579187022,0.0279455127493355,0.0700069195045125,TRUE
5__NQ_ES__xgb_d4__0.1000,5,NQ_ES,xgb_d4,4,0.1,7098,3858,0.543533389687236,3586,0.505212735981967,0.0383206537052691,7098,1,52.6666666666667,52,4,3,0.539568345323741,0.542897327707454,0.0526315789473684,0.20137299771167,0.0407876230661041,4875,2628,0.539076923076923,2223,1230,0.553306342780027,0.102091206813812,TRUE,TRUE,0.531748032407369,0.556071027375817,0.0238045617823286,0.0522109858069273,TRUE
1__NQ_ES__xgb_d4__0.1000,1,NQ_ES,xgb_d4,4,0.1,7081,3840,0.542296285835334,3393,0.479169608812315,0.0631266770230193,7081,1,52.6666666666667,52,4,3,0.531024531024531,0.55807743658211,0.0313199105145414,0.152125279642058,0.0394420394420394,3885,2076,0.534362934362934,3196,1764,0.551939924906133,0.10229387901852,TRUE,TRUE,0.531691150759241,0.553289508620504,0.0468041649216566,0.0792563518449102,TRUE
7__NQ_ES__xgb_d4__0.2000,7,NQ_ES,xgb_d4,4,0.2,14089,7596,0.539144013059834,7183,0.509830364113848,0.0293136489459862,14089,1,52.6666666666667,52,4,3,0.530450953045095,0.549006168608636,0.0344444444444444,0.158888888888889,0.0328992460589445,9628,5191,0.539156626506024,4461,2405,0.539116789957409,0.204248664356468,TRUE,TRUE,0.531499681323103,0.546788651846926,0.0201967409946157,0.0380566389470088,TRUE
5__NQ_ES__logit__0.2000,5,NQ_ES,logit,,0.2,13295,7175,0.53967657013915,6860,0.515983452425724,0.0236931177134261,13295,1,52.6666666666667,52,4,3,0.532447397563677,0.544864864864865,0.0307167235494881,0.139931740614334,0.0389811738648948,9218,5005,0.542959427207637,4077,2170,0.532254108413049,0.193929512386221,TRUE,TRUE,0.531478212618108,0.54851487349926,0.0148189858561999,0.0338498471420106,TRUE
7__NQ_ES__ranger__0.2000,7,NQ_ES,ranger,,0.2,14525,7836,0.539483648881239,7492,0.515800344234079,0.0236833046471601,14525,1,52.6666666666667,52,4,3,0.536304003619091,0.546940486169321,0.0287929125138427,0.137320044296788,0.0349958088851635,10875,5867,0.539494252873563,3650,1969,0.539452054794521,0.209498337544619,TRUE,TRUE,0.531468604076646,0.547769058592264,0.0156931695802444,0.0318274498482331,TRUE
5__NQ_ONLY__xgb_d2__0.0500,5,NQ_ONLY,xgb_d2,2,0.05,3621,1979,0.546534106600387,1860,0.513670256835129,0.0328638497652582,3621,1,52.6666666666667,52,4,3,0.519317160826595,0.563079777365492,0.05,0.211111111111111,0.048,2700,1466,0.542962962962963,921,513,0.55700325732899,0.0501605850012325,TRUE,TRUE,0.53143991656821,0.56364365911564,0.0161145820170836,0.050526257479611,TRUE
7__NQ_ONLY__xgb_d2__0.2000,7,NQ_ONLY,xgb_d2,2,0.2,14326,7726,0.53929917632277,7405,0.516892363534832,0.022406812787938,14326,1,52.6666666666667,52,4,3,0.535465924895688,0.546540880503145,0.0322209436133487,0.148446490218642,0.0335429769392034,10668,5764,0.540307461567304,3658,1962,0.536358665937671,0.205649528715784,TRUE,TRUE,0.531414879273946,0.547516280268577,0.0144021009277487,0.0306535022005806,TRUE
7__NQ_ONLY__xgb_d4__0.2000,7,NQ_ONLY,xgb_d4,4,0.2,13877,7487,0.539525834114002,7099,0.511565900410752,0.02795993370325,13877,1,52.6666666666667,52,4,3,0.530946065428824,0.550861458579183,0.0369487485101311,0.158522050059595,0.0347038019451813,9768,5269,0.539414414414414,4109,2218,0.539790703334145,0.199004963999979,TRUE,TRUE,0.531413771122955,0.548139077854416,0.0185936989510117,0.0366234690178984,TRUE
7__NQ_ONLY__xgb_d5__0.0500,7,NQ_ONLY,xgb_d5,5,0.05,3450,1891,0.548115942028986,1733,0.50231884057971,0.0457971014492754,3450,1,52.6666666666667,52,4,3,0.538091419406576,0.567316620241411,0.0552763819095477,0.226130653266332,0.0571736785329018,2245,1217,0.542093541202673,1205,674,0.559336099585062,0.0490108446424095,TRUE,TRUE,0.531303084911087,0.563966371809917,0.0255060365021752,0.0657478894158775,TRUE
7__NQ_ES__xgb_d2__0.2000,7,NQ_ES,xgb_d2,2,0.2,14317,7721,0.539288957183768,7371,0.51484249493609,0.0244464622476776,14317,1,52.6666666666667,52,4,3,0.53679354094579,0.546562959848644,0.0379041248606466,0.157190635451505,0.033271719038817,10606,5719,0.53922308127475,3711,2002,0.539477229857181,0.206822177543487,TRUE,TRUE,0.531300955944757,0.54783116078777,0.0163632195903957,0.0331039322444041,TRUE
1__NQ_ES__xgb_d4__0.0500,1,NQ_ES,xgb_d4,4,0.05,3478,1901,0.546578493387004,1659,0.476998274870615,0.0695802185163887,3478,1,52.6666666666667,52,4,3,0.52116935483871,0.576782449725777,0.042654028436019,0.18957345971564,0.0493951612903226,1722,932,0.54123112659698,1756,969,0.551822323462415,0.049861439265175,TRUE,TRUE,0.531245797538228,0.562450421667125,0.0461146021954791,0.0924051750883198,TRUE
1__NQ_ONLY__logit__0.0500,1,NQ_ONLY,logit,,0.05,3217,1762,0.547715262667081,1596,0.496114392290954,0.0516008703761268,3217,1,52.6666666666667,52,4,3,0.546532846715328,0.555102040816327,0.0683760683760684,0.239316239316239,0.108506944444444,1894,1038,0.5480464625132,1323,724,0.54724111866969,0.0478239258895597,TRUE,TRUE,0.531234878566811,0.564277730415838,0.0264586826347305,0.075829333422397,TRUE
3__NQ_ES__xgb_d5__0.0100,3,NQ_ES,xgb_d5,5,0.01,585,330,0.564102564102564,272,0.464957264957265,0.0991452991452991,585,1,49,45,4,3,0.512437810945274,0.595588235294118,0.0930232558139535,0.395348837209302,0.125,257,140,0.544747081712062,328,190,0.579268292682927,0.00872284951268158,TRUE,TRUE,0.531147197123364,0.599284750888953,0.04630964195014,0.154269903912148,TRUE
7__NQ_ONLY__xgb_d3__0.0200,7,NQ_ONLY,xgb_d3,3,0.02,1583,880,0.555906506632975,780,0.49273531269741,0.0631711939355654,1583,1,52.6666666666667,52,4,3,0.526530612244898,0.578947368421053,0.0512820512820513,0.217948717948718,0.0645933014354067,1056,570,0.539772727272727,527,310,0.588235294117647,0.0219085953464825,TRUE,TRUE,0.5310502903177,0.580941214815747,0.0368332356866191,0.0892704075290983,TRUE
1__NQ_ONLY__xgb_d4__0.1000,1,NQ_ONLY,xgb_d4,4,0.1,7199,3908,0.542853174051952,3463,0.481039033199055,0.0618141408528962,7199,1,52.6666666666667,52,4,3,0.536119945479328,0.55188246097337,0.0356294536817102,0.152019002375297,0.0376492194674013,4240,2258,0.532547169811321,2959,1650,0.557620817843866,0.102470956984876,TRUE,TRUE,0.530965669600231,0.554612899648996,0.0478353179689825,0.0759499982228672,TRUE
5__NQ_ONLY__logit__0.1000,5,NQ_ONLY,logit,,0.1,6684,3633,0.543536804308797,3432,0.513464991023339,0.0300718132854578,6684,1,52.6666666666667,52,4,3,0.535376295628662,0.552330694810906,0.0366132723112128,0.169336384439359,0.0482199188823795,4638,2521,0.54355325571367,2046,1112,0.543499511241447,0.0972795356188021,TRUE,TRUE,0.530849213005259,0.555460022517735,0.0156181069827705,0.0438098385261133,TRUE
5__NQ_ONLY__xgb_d3__0.0500,5,NQ_ONLY,xgb_d3,3,0.05,3672,2016,0.549019607843137,1863,0.507352941176471,0.0416666666666667,3672,1,52.6666666666667,52,4,3,0.53125,0.562560620756547,0.0490196078431373,0.205882352941176,0.0494812450119713,2538,1380,0.543735224586288,1134,636,0.560846560846561,0.0518282400540616,TRUE,TRUE,0.530774869420925,0.565614556331862,0.0240788984807231,0.0596341124234567,TRUE
7__NQ_ONLY__xgb_d3__0.2000,7,NQ_ONLY,xgb_d3,3,0.2,14222,7665,0.538953733652088,7301,0.513359583743496,0.0255941499085923,14222,1,52.6666666666667,52,4,3,0.534451495920218,0.546655120155878,0.030751708428246,0.149202733485194,0.0335570469798658,10165,5486,0.539695031972455,4057,2179,0.53709637663298,0.204831332301566,TRUE,TRUE,0.530706167853979,0.546954980514351,0.0172798734723094,0.0339717712426323,TRUE
5__NQ_ES__xgb_d4__0.0500,5,NQ_ES,xgb_d4,4,0.05,3550,1951,0.549577464788732,1764,0.496901408450704,0.0526760563380282,3550,1,52.6666666666667,52,4,3,0.539837398373984,0.562078922040424,0.0625,0.240384615384615,0.0512581547064306,2441,1313,0.537894305612454,1109,638,0.575293056807935,0.0505714635203228,TRUE,TRUE,0.530629554481164,0.567523504894834,0.0345298933160939,0.0715369271783373,TRUE
7__NQ_ONLY__logit__0.1000,7,NQ_ONLY,logit,,0.1,6725,3653,0.543197026022305,3473,0.516431226765799,0.0267657992565056,6725,1,52.6666666666667,52,4,3,0.539795464650956,0.552831029870709,0.0344827586206897,0.16710875331565,0.0549568965517241,4654,2541,0.545981951009884,2071,1112,0.536938676967649,0.0950802383891548,TRUE,TRUE,0.530491076536872,0.555711587411713,0.0132522009174549,0.0397314633631715,TRUE
1__NQ_ONLY__xgb_d3__0.1000,1,NQ_ONLY,xgb_d3,3,0.1,7145,3872,0.541917424772568,3422,0.478936319104269,0.0629811056682995,7145,1,52.6666666666667,52,4,3,0.530085959885387,0.550866281652599,0.0296803652968037,0.139269406392694,0.0401146131805158,4284,2267,0.529178338001867,2861,1605,0.560992659909123,0.102632129072599,TRUE,TRUE,0.530455446685096,0.554658715794914,0.0484197179488978,0.0787686659262002,TRUE
7__NQ_ES__xgb_d4__0.0500,7,NQ_ES,xgb_d4,4,0.05,3628,1983,0.546582138919515,1816,0.500551267916207,0.0460308710033076,3628,1,52.6666666666667,52,3,3,0.543117744610282,0.555860805860806,0.0567685589519651,0.231441048034935,0.0499545867393279,2280,1236,0.542105263157895,1348,747,0.554154302670623,0.0524602500886724,TRUE,TRUE,0.53042502929798,0.560364235614548,0.0287611720475489,0.0631417754062251,TRUE
1__NQ_ES__logit__0.1000,1,NQ_ES,logit,,0.1,6607,3583,0.542303617375511,3237,0.48993491751173,0.0523686998637808,6607,1,52.6666666666667,52,4,3,0.538650306748466,0.550351288056206,0.0528541226215645,0.186046511627907,0.0756646216768916,3961,2127,0.536985609694522,2646,1456,0.55026455026455,0.0978693779328842,TRUE,TRUE,0.530414946783444,0.554598627251752,0.0375619583142241,0.0695065889752734,TRUE
1__NQ_ES__ranger__0.0500,1,NQ_ES,ranger,,0.05,3783,2066,0.546127412106794,1808,0.477927570711076,0.0681998413957177,3783,1,52.6666666666667,52,4,3,0.516666666666667,0.569230769230769,0.0428571428571429,0.2,0.046078431372549,1935,1046,0.540568475452196,1848,1020,0.551948051948052,0.053365801014157,TRUE,TRUE,0.530219180261382,0.560892392852773,0.0468937886826565,0.0899491721571258,TRUE
1__NQ_ONLY__xgb_d3__0.2000,1,NQ_ONLY,xgb_d3,3,0.2,14259,7668,0.537765621712603,6898,0.483764639876569,0.0540009818360334,14259,1,52.6666666666667,52,4,3,0.531139835487662,0.545821815862216,0.028169014084507,0.128927410617551,0.0314923619271445,8679,4602,0.53024541997926,5580,3066,0.549462365591398,0.207020365055849,TRUE,TRUE,0.529938027196016,0.545586122833127,0.0443585791177877,0.0644353414064036,TRUE
7__NQ_ES__xgb_d5__0.1000,7,NQ_ES,xgb_d5,5,0.1,6982,3777,0.540962474935549,3523,0.504583213978803,0.0363792609567459,6982,1,52.6666666666667,52,4,3,0.534582132564842,0.547038327526132,0.0415647921760391,0.188264058679707,0.0417867435158501,4480,2416,0.539285714285714,2502,1361,0.54396482813749,0.099525230978348,TRUE,TRUE,0.529892964558324,0.552304640386221,0.0212559219611005,0.0505569669350871,TRUE
7__NQ_ONLY__xgb_d5__0.1000,7,NQ_ONLY,xgb_d5,5,0.1,6828,3693,0.540861159929701,3437,0.503368482718219,0.0374926772114821,6828,1,52.6666666666667,52,4,3,0.529965753424658,0.55357978474497,0.0441176470588235,0.198529411764706,0.0411792232101076,4622,2476,0.5356988316746,2206,1217,0.551677243880326,0.0976715628274648,TRUE,TRUE,0.529684034135883,0.552127873315529,0.023941964287293,0.0505266542789045,TRUE
5__NQ_ONLY__xgb_d5__0.1000,5,NQ_ONLY,xgb_d5,5,0.1,6803,3682,0.541231809495811,3483,0.511980008819638,0.0292518006761723,6803,1,52.6666666666667,52,4,3,0.531998258598172,0.548071979434447,0.0389016018306636,0.167048054919908,0.0437853107344633,4680,2540,0.542735042735043,2123,1142,0.537918040508714,0.0986588292648884,TRUE,TRUE,0.52958336657867,0.552644817227136,0.015636487751823,0.0418225909016695,TRUE
1__NQ_ES__xgb_d3__0.2000,1,NQ_ES,xgb_d3,3,0.2,14255,7656,0.53707471062785,6899,0.483970536653806,0.0531041739740442,14255,1,52.6666666666667,52,4,3,0.53208174904943,0.543939739785437,0.0302351623740202,0.138857782754759,0.0327946768060837,8377,4453,0.531574549361347,5878,3203,0.544913235794488,0.205626025425805,TRUE,TRUE,0.529489864908862,0.545314244679887,0.0436283560042921,0.0636437971752399,TRUE
5__NQ_ONLY__xgb_d3__0.1000,5,NQ_ONLY,xgb_d3,3,0.1,7272,3948,0.542904290429043,3737,0.513888888888889,0.029015401540154,7272,1,52.6666666666667,52,4,3,0.532541776605101,0.548770491803279,0.04337899543379,0.178082191780822,0.0389344262295082,5153,2798,0.542984669124782,2119,1150,0.542708824917414,0.104192947766435,TRUE,TRUE,0.529467909727819,0.555917491019452,0.0150525867415366,0.0420308252471467,TRUE
5__NQ_ONLY__xgb_d2__0.1000,5,NQ_ONLY,xgb_d2,2,0.1,7046,3817,0.541725801873403,3645,0.517314788532501,0.0244110133409026,7046,1,52.6666666666667,52,4,3,0.527930402930403,0.550643776824034,0.0364963503649635,0.167883211678832,0.0407725321888412,5334,2888,0.54143232095988,1712,929,0.542640186915888,0.100350333810824,TRUE,TRUE,0.529447231790793,0.55483898293506,0.01187904841067,0.0372497285945648,TRUE
10__NQ_ES__ranger__0.1000,10,NQ_ES,ranger,,0.1,7503,4063,0.541516726642676,3978,0.530187924830068,0.0113288018126083,7503,1,52.6666666666667,52,4,3,0.535729037587774,0.54801124949779,0.0534521158129176,0.180400890868597,0.0413052457662123,6461,3506,0.542640458133416,1042,557,0.534548944337812,0.107460083252753,TRUE,TRUE,0.529379822863786,0.552816156371154,0.00347241384801298,0.0195418874444411,TRUE
7__NQ_ONLY__xgb_d5__0.2000,7,NQ_ONLY,xgb_d5,5,0.2,13900,7467,0.537194244604317,7145,0.514028776978417,0.0231654676258993,13900,1,52.6666666666667,52,4,3,0.528396679772827,0.548995886765062,0.0338600451467269,0.148984198645598,0.0370191144447133,9640,5201,0.539522821576763,4260,2266,0.531924882629108,0.20138786392785,TRUE,TRUE,0.529373912432904,0.544543227226921,0.0152873287623282,0.0314919563956289,TRUE
1__NQ_ONLY__logit__0.2000,1,NQ_ONLY,logit,,0.2,13408,7215,0.538111575178998,6628,0.494331742243437,0.0437798329355609,13408,1,52.6666666666667,52,3,3,0.53647111309391,0.545498431088583,0.035140562248996,0.152610441767068,0.0468436314967656,8456,4528,0.535477767265847,4952,2687,0.542609046849758,0.200352592106542,TRUE,TRUE,0.52935736584638,0.54599929966624,0.0334136790360368,0.0549339814801439,TRUE
1__NQ_ES__xgb_d2__0.0500,1,NQ_ES,xgb_d2,2,0.05,3567,1945,0.545276142416597,1722,0.482758620689655,0.0625175217269414,3567,1,52.6666666666667,52,3,3,0.541420118343195,0.556126820908312,0.0393700787401575,0.169291338582677,0.0512820512820513,2005,1081,0.539152119700748,1562,864,0.553137003841229,0.0528439525291826,TRUE,TRUE,0.529325675750543,0.56171214116813,0.0407136035796365,0.0839591276912027,TRUE
1__NQ_ONLY__xgb_d3__0.0500,1,NQ_ONLY,xgb_d3,3,0.05,3618,1971,0.544776119402985,1724,0.476506357103372,0.068269762299613,3618,1,52.6666666666667,52,4,3,0.525505293551492,0.563275434243176,0.0454545454545455,0.181818181818182,0.0488006617038875,2027,1081,0.53330044400592,1591,890,0.559396605908234,0.0518931067463044,TRUE,TRUE,0.529202133698209,0.560059417047245,0.0481259014331576,0.0897487902077996,TRUE
10__NQ_ES__xgb_d5__0.1000,10,NQ_ES,xgb_d5,5,0.1,6721,3635,0.540842136586818,3524,0.524326737092695,0.0165153994941229,6721,1,52.6666666666667,52,4,3,0.53660797034291,0.547445255474453,0.0555555555555556,0.185990338164251,0.0460415496911847,4772,2620,0.549036043587594,1949,1015,0.520779887121601,0.0967503586585526,TRUE,TRUE,0.52903415544293,0.552859437493509,0.00369747321999376,0.0300324349434986,TRUE
5__NQ_ONLY__xgb_d5__0.2000,5,NQ_ONLY,xgb_d5,5,0.2,13641,7321,0.536690858441463,6973,0.511179532292354,0.0255113261491093,13641,1,52.6666666666667,52,4,3,0.52669452181987,0.547914032869785,0.0328227571115974,0.150984682713348,0.0361567635903919,9573,5142,0.537135694139768,4068,2179,0.535644051130777,0.199566413570219,TRUE,TRUE,0.528675630510583,0.545189382477202,0.0155385209506273,0.0352277549672617,TRUE
7__NQ_ES__logit__0.2000,7,NQ_ES,logit,,0.2,13506,7266,0.537983118613949,7001,0.51836220938842,0.0196209092255294,13506,1,52.6666666666667,52,4,3,0.537259615384615,0.54235807860262,0.0325945241199479,0.151238591916558,0.0449781659388646,9091,4955,0.545044549554504,4415,2311,0.523442808607022,0.191397219188697,TRUE,TRUE,0.528651236687147,0.546635729190487,0.00995111366857304,0.0288876323020422,TRUE
5__NQ_ONLY__ranger__0.2000,5,NQ_ONLY,ranger,,0.2,14296,7687,0.53770285394516,7417,0.518816452154449,0.0188864017907107,14296,1,52.6666666666667,52,4,3,0.531013962005036,0.542736842105263,0.0347144456886898,0.151175811870101,0.0322728313115129,10886,5874,0.539592136689326,3410,1813,0.531671554252199,0.206297560015896,TRUE,TRUE,0.528591751769089,0.546749568141333,0.0111970600113702,0.0268871797705878,TRUE
5__NQ_ES__ranger__0.2000,5,NQ_ES,ranger,,0.2,14370,7727,0.537717466945024,7442,0.517884481558803,0.0198329853862213,14370,1,52.6666666666667,52,4,3,0.532868077442593,0.545951629863302,0.0289855072463768,0.141583054626533,0.0321766561514196,11004,5927,0.53862231915667,3366,1800,0.53475935828877,0.20732640327135,TRUE,TRUE,0.528551551619458,0.546493488696416,0.0116668877489188,0.0278047030182841,TRUE
5__NQ_ES__xgb_d3__0.1000,5,NQ_ES,xgb_d3,3,0.1,7249,3924,0.54131604359222,3739,0.515795282107877,0.0255207614843427,7249,1,52.6666666666667,52,4,3,0.537611559711007,0.544223444773593,0.0466666666666667,0.202222222222222,0.0408065290446471,5244,2847,0.542906178489703,2005,1077,0.53715710723192,0.104449822131576,TRUE,TRUE,0.528524590258529,0.554010032130161,0.0128357222282948,0.0384865371794361,TRUE
5__NQ_ONLY__logit__0.0200,5,NQ_ONLY,logit,,0.02,1252,693,0.553514376996805,653,0.521565495207668,0.0319488817891374,1252,1,52,51,4,3,0.543396226415094,0.561247216035635,0.0833333333333333,0.333333333333333,0.133630289532294,821,460,0.560292326431181,431,233,0.540603248259861,0.0172217743706735,TRUE,TRUE,0.528469506167533,0.579127215896253,0.00145055679177903,0.0630948944188708,TRUE
10__NQ_ONLY__ranger__0.1000,10,NQ_ONLY,ranger,,0.1,7271,3931,0.540640902214276,3818,0.525099711181406,0.0155411910328703,7271,1,52.6666666666667,52,4,3,0.536575398447078,0.545679012345679,0.0519187358916479,0.191873589164786,0.0390123456790123,6391,3440,0.538256923799093,880,491,0.557954545454546,0.104510139131928,TRUE,TRUE,0.528436335683575,0.552900272525183,0.00771525663818154,0.0234436119548261,TRUE
5__NQ_ONLY__xgb_d5__0.0500,5,NQ_ONLY,xgb_d5,5,0.05,3403,1856,0.545401116661769,1726,0.507199529826624,0.0382015868351455,3403,1,52.6666666666667,52,4,3,0.53531914893617,0.548237476808905,0.0558375634517767,0.223350253807107,0.0535152151101784,2254,1226,0.543921916592724,1149,630,0.548302872062663,0.0483664646518476,TRUE,TRUE,0.528321898117885,0.562466288780948,0.019662950826508,0.0595145946041512,TRUE
1__NQ_ES__logit__0.2000,1,NQ_ES,logit,,0.2,13420,7205,0.536885245901639,6610,0.492548435171386,0.0443368107302534,13420,1,52.6666666666667,52,4,3,0.535394456289979,0.543307086614173,0.0391937290033595,0.156774916013438,0.0488272921108742,8199,4384,0.534699353579705,5221,2821,0.540317946753496,0.19578460670926,TRUE,TRUE,0.528069585249789,0.54556340363341,0.0335143642511981,0.0550339859845743,TRUE
15__NQ_ONLY__xgb_d3__0.1000,15,NQ_ONLY,xgb_d3,3,0.1,7358,3962,0.538461538461538,3906,0.530850774667029,0.00761076379450938,7358,1,52.6666666666667,52,4,3,0.527257594673325,0.546027131782946,0.0681818181818182,0.247474747474748,0.061531007751938,6765,3639,0.537915742793792,593,323,0.54468802698145,0.104738320210658,TRUE,TRUE,0.528043847412031,0.549047249437243,0.000814814676023487,0.0144191121943454,TRUE
10__NQ_ONLY__logit__0.1000,10,NQ_ONLY,logit,,0.1,6866,3706,0.539761141858433,3625,0.527963879988348,0.0117972618700845,6866,1,52.6666666666667,52,4,3,0.539741989180191,0.546745562130178,0.0372960372960373,0.17016317016317,0.0591715976331361,5493,2988,0.54396504642272,1373,718,0.522942461762564,0.0991230198973552,TRUE,TRUE,0.527870402792884,0.551267007884201,0.00102554489595919,0.0226809326489001,TRUE
