candidate_id,fold,full_year,horizon,feature_set,model_id,xgb_depth,target_coverage,confidence_cutoff,base_side,selected_n,coverage,wins,win_rate,base_wins,baseline_wr,edge,flat_rate,active_weeks,unique_days,top_day_share,top5_day_share,nonoverlap_n,nonoverlap_fraction,long_n,long_wins,long_wr,short_n,short_wins,short_wr,up_only_wr,down_only_wr,aggregate_rank
7__NQ_ES__xgb_d2__0.0100,2026_YTD,FALSE,7,NQ_ES,xgb_d2,2,0.01,0.0750900268554688,1,42,0.00957155879671832,21,0.5,19,0.452380952380952,0.0476190476190476,0.0476190476190476,10,30,0.0952380952380952,0.333333333333333,42,1,40,19,0.475,2,2,1,0.452380952380952,0.5,1
7__NQ_ES__xgb_d2__0.0500,2026_YTD,FALSE,7,NQ_ES,xgb_d2,2,0.05,0.0604223608970642,1,222,0.0505925250683683,114,0.513513513513514,112,0.504504504504505,0.00900900900900901,0.00900900900900901,11,58,0.0495495495495496,0.193693693693694,222,1,200,102,0.51,22,12,0.545454545454545,0.504504504504505,0.486486486486487,2
7__NQ_ONLY__xgb_d2__0.0500,2026_YTD,FALSE,7,NQ_ONLY,xgb_d2,2,0.05,0.0601959824562073,1,208,0.0474020054694622,105,0.504807692307692,110,0.528846153846154,-0.0240384615384615,0.0144230769230769,11,60,0.0480769230769231,0.192307692307692,208,1,185,96,0.518918918918919,23,9,0.391304347826087,0.528846153846154,0.456730769230769,3
10__NQ_ES__xgb_d4__0.0050,2026_YTD,FALSE,10,NQ_ES,xgb_d4,4,0.005,0.0900419235229492,1,17,0.00387420237010027,13,0.764705882352941,14,0.823529411764706,-0.0588235294117647,0,9,13,0.294117647058824,0.529411764705882,17,1,14,12,0.857142857142857,3,1,0.333333333333333,0.823529411764706,0.176470588235294,4
7__NQ_ONLY__ranger__0.0200,2026_YTD,FALSE,7,NQ_ONLY,ranger,,0.02,0.070046335386781,1,77,0.0175478577939836,44,0.571428571428571,40,0.51948051948052,0.051948051948052,0.025974025974026,11,46,0.0649350649350649,0.246753246753247,77,1,65,36,0.553846153846154,12,8,0.666666666666667,0.51948051948052,0.454545454545455,5
7__NQ_ONLY__xgb_d3__0.1000,2026_YTD,FALSE,7,NQ_ONLY,xgb_d3,3,0.1,0.0548530519008637,1,440,0.100273473108478,220,0.5,229,0.520454545454546,-0.0204545454545455,0.0159090909090909,11,62,0.0363636363636364,0.170454545454545,440,1,337,173,0.513353115727003,103,47,0.456310679611651,0.520454545454546,0.463636363636364,6
7__NQ_ONLY__ranger__0.0500,2026_YTD,FALSE,7,NQ_ONLY,ranger,,0.05,0.0586626091880401,1,202,0.0460346399270738,103,0.50990099009901,105,0.51980198019802,-0.0099009900990099,0.0099009900990099,11,58,0.0495049504950495,0.198019801980198,202,1,166,86,0.518072289156627,36,17,0.472222222222222,0.51980198019802,0.47029702970297,7
7__NQ_ONLY__logit__0.0200,2026_YTD,FALSE,7,NQ_ONLY,logit,,0.02,0.0809198439658202,1,55,0.0125341841385597,27,0.490909090909091,30,0.545454545454545,-0.0545454545454545,0.0181818181818182,11,30,0.0909090909090909,0.363636363636364,55,1,52,27,0.519230769230769,3,0,0,0.545454545454545,0.436363636363636,8
7__NQ_ONLY__xgb_d4__0.1000,2026_YTD,FALSE,7,NQ_ONLY,xgb_d4,4,0.1,0.059467077255249,1,407,0.0927529626253418,217,0.533169533169533,221,0.542997542997543,-0.00982800982800983,0.0122850122850123,11,62,0.0368550368550369,0.164619164619165,407,1,295,163,0.552542372881356,112,54,0.482142857142857,0.542997542997543,0.444717444717445,9
5__NQ_ONLY__logit__0.0500,2026_YTD,FALSE,5,NQ_ONLY,logit,,0.05,0.0643527401091975,1,197,0.0448849396217817,112,0.568527918781726,118,0.598984771573604,-0.0304568527918782,0.0101522842639594,11,49,0.0406091370558376,0.187817258883249,197,1,175,104,0.594285714285714,22,8,0.363636363636364,0.598984771573604,0.390862944162437,10
7__NQ_ES__xgb_d3__0.1000,2026_YTD,FALSE,7,NQ_ES,xgb_d3,3,0.1,0.0546975135803223,1,458,0.104375569735643,241,0.526200873362445,242,0.528384279475983,-0.00218340611353712,0.0152838427947598,11,62,0.0414847161572052,0.189956331877729,458,1,353,189,0.535410764872521,105,52,0.495238095238095,0.528384279475983,0.456331877729258,11
7__NQ_ES__ranger__0.1000,2026_YTD,FALSE,7,NQ_ES,ranger,,0.1,0.0493540189484933,1,414,0.0943482224247949,222,0.536231884057971,228,0.550724637681159,-0.0144927536231884,0.00966183574879227,11,62,0.036231884057971,0.164251207729469,414,1,342,189,0.552631578947369,72,33,0.458333333333333,0.550724637681159,0.439613526570048,12
7__NQ_ES__xgb_d3__0.0500,2026_YTD,FALSE,7,NQ_ES,xgb_d3,3,0.05,0.0654410421848297,1,227,0.0517319963536919,118,0.519823788546256,118,0.519823788546256,0,0.013215859030837,11,61,0.052863436123348,0.202643171806167,227,1,181,95,0.524861878453039,46,23,0.5,0.519823788546256,0.466960352422908,13
7__NQ_ES__xgb_d2__0.1000,2026_YTD,FALSE,7,NQ_ES,xgb_d2,2,0.1,0.051035463809967,1,444,0.101185050136737,222,0.5,235,0.529279279279279,-0.0292792792792793,0.0157657657657658,11,62,0.0382882882882883,0.168918918918919,444,1,372,193,0.518817204301075,72,29,0.402777777777778,0.529279279279279,0.454954954954955,14
7__NQ_ONLY__logit__0.0500,2026_YTD,FALSE,7,NQ_ONLY,logit,,0.05,0.0669938697619669,1,182,0.0414767547857794,103,0.565934065934066,108,0.593406593406593,-0.0274725274725275,0.0054945054945055,11,50,0.043956043956044,0.203296703296703,182,1,157,93,0.592356687898089,25,10,0.4,0.593406593406593,0.401098901098901,15
7__NQ_ONLY__ranger__0.1000,2026_YTD,FALSE,7,NQ_ONLY,ranger,,0.1,0.0484938719875251,1,434,0.0989061075660893,224,0.516129032258065,231,0.532258064516129,-0.0161290322580645,0.0115207373271889,11,62,0.0368663594470046,0.165898617511521,434,1,345,183,0.530434782608696,89,41,0.460674157303371,0.532258064516129,0.456221198156682,16
7__NQ_ONLY__xgb_d3__0.0500,2026_YTD,FALSE,7,NQ_ONLY,xgb_d3,3,0.05,0.0654404759407044,1,215,0.0489972652689152,103,0.47906976744186,111,0.516279069767442,-0.0372093023255814,0.027906976744186,11,58,0.0558139534883721,0.195348837209302,215,1,171,85,0.497076023391813,44,18,0.409090909090909,0.516279069767442,0.455813953488372,17
7__NQ_ES__logit__0.1000,2026_YTD,FALSE,7,NQ_ES,logit,,0.1,0.0573459154402508,1,368,0.0838650865998177,188,0.510869565217391,205,0.557065217391304,-0.046195652173913,0.0135869565217391,11,55,0.0407608695652174,0.184782608695652,368,1,280,153,0.546428571428571,88,35,0.397727272727273,0.557065217391304,0.429347826086957,18
1__NQ_ONLY__xgb_d2__0.1000,2026_YTD,FALSE,1,NQ_ONLY,xgb_d2,2,0.1,0.0628209710121155,1,464,0.105694760820046,253,0.545258620689655,234,0.504310344827586,0.040948275862069,0.0193965517241379,11,59,0.0344827586206897,0.148706896551724,464,1,327,176,0.53822629969419,137,77,0.562043795620438,0.504310344827586,0.476293103448276,19
5__NQ_ONLY__ranger__0.0500,2026_YTD,FALSE,5,NQ_ONLY,ranger,,0.05,0.0569851424184161,1,190,0.0432900432900433,96,0.505263157894737,101,0.531578947368421,-0.0263157894736842,0.0157894736842105,11,54,0.0473684210526316,0.194736842105263,190,1,155,81,0.52258064516129,35,15,0.428571428571429,0.531578947368421,0.452631578947368,20
7__NQ_ES__xgb_d2__0.0200,2026_YTD,FALSE,7,NQ_ES,xgb_d2,2,0.02,0.0699753284454346,1,81,0.0184594348222425,38,0.469135802469136,36,0.444444444444444,0.0246913580246914,0.0246913580246914,10,41,0.0864197530864198,0.283950617283951,81,1,77,35,0.454545454545455,4,3,0.75,0.444444444444444,0.530864197530864,21
5__NQ_ES__logit__0.1000,2026_YTD,FALSE,5,NQ_ES,logit,,0.1,0.0560888329123689,1,413,0.0940988835725678,233,0.564164648910412,240,0.581113801452784,-0.0169491525423729,0.00726392251815981,11,54,0.036319612590799,0.174334140435835,413,1,342,201,0.587719298245614,71,32,0.450704225352113,0.581113801452784,0.411622276029056,22
5__NQ_ES__ranger__0.1000,2026_YTD,FALSE,5,NQ_ES,ranger,,0.1,0.0465117689509636,1,447,0.101845522898154,251,0.561521252796421,244,0.54586129753915,0.0156599552572707,0.0111856823266219,11,62,0.0380313199105145,0.1834451901566,447,1,380,214,0.563157894736842,67,37,0.552238805970149,0.54586129753915,0.442953020134228,23
5__NQ_ES__xgb_d5__0.0200,2026_YTD,FALSE,5,NQ_ES,xgb_d5,5,0.02,0.0916835719347,1,82,0.0186830713146503,47,0.573170731707317,50,0.609756097560976,-0.0365853658536585,0.0121951219512195,11,40,0.0609756097560976,0.268292682926829,82,1,55,35,0.636363636363636,27,12,0.444444444444444,0.609756097560976,0.378048780487805,24
60__NQ_ONLY__ranger__0.2000,2026_YTD,FALSE,60,NQ_ONLY,ranger,,0.2,0.0393993721794745,1,872,0.208812260536399,432,0.495412844036697,435,0.498853211009174,-0.00344036697247706,0.00114678899082569,11,56,0.0401376146788991,0.186926605504587,340,0.389908256880734,859,427,0.49708963911525,13,5,0.384615384615385,0.498853211009174,0.5,25
1__NQ_ONLY__logit__0.1000,2026_YTD,FALSE,1,NQ_ONLY,logit,,0.1,0.0694119419332965,1,519,0.118223234624146,271,0.522157996146436,268,0.516377649325626,0.00578034682080925,0.0115606936416185,11,60,0.046242774566474,0.177263969171484,519,1,401,211,0.526184538653367,118,60,0.508474576271186,0.516377649325626,0.472061657032755,26
5__NQ_ES__xgb_d3__0.0500,2026_YTD,FALSE,5,NQ_ES,xgb_d3,3,0.05,0.0623750135302543,1,204,0.0464798359535202,105,0.514705882352941,103,0.504901960784314,0.00980392156862745,0.00980392156862745,11,56,0.0588235294117647,0.235294117647059,204,1,156,80,0.512820512820513,48,25,0.520833333333333,0.504901960784314,0.485294117647059,27
1__NQ_ES__xgb_d3__0.1000,2026_YTD,FALSE,1,NQ_ES,xgb_d3,3,0.1,0.0667016386985779,1,451,0.102733485193622,236,0.523281596452328,218,0.483370288248337,0.0399113082039911,0.024390243902439,11,59,0.0332594235033259,0.150776053215078,451,1,296,152,0.513513513513514,155,84,0.541935483870968,0.483370288248337,0.492239467849224,28
7__NQ_ONLY__xgb_d2__0.0100,2026_YTD,FALSE,7,NQ_ONLY,xgb_d2,2,0.01,0.0768485844135285,1,40,0.00911577028258888,22,0.55,23,0.575,-0.025,0,10,31,0.075,0.3,40,1,39,22,0.564102564102564,1,0,0,0.575,0.425,29
7__NQ_ONLY__xgb_d4__0.0500,2026_YTD,FALSE,7,NQ_ONLY,xgb_d4,4,0.05,0.0716093927621841,1,212,0.0483135824977211,105,0.495283018867925,109,0.514150943396226,-0.0188679245283019,0.0141509433962264,11,60,0.0424528301886792,0.212264150943396,212,1,154,78,0.506493506493507,58,27,0.46551724137931,0.514150943396226,0.471698113207547,30
5__NQ_ES__logit__0.0500,2026_YTD,FALSE,5,NQ_ES,logit,,0.05,0.0670528378577032,1,199,0.0453406242879927,115,0.577889447236181,119,0.597989949748744,-0.0201005025125628,0.0150753768844221,11,50,0.0552763819095477,0.21105527638191,199,1,175,105,0.6,24,10,0.416666666666667,0.597989949748744,0.386934673366834,31
5__NQ_ES__xgb_d2__0.1000,2026_YTD,FALSE,5,NQ_ES,xgb_d2,2,0.1,0.0478143006563187,1,452,0.102984734563682,249,0.550884955752212,253,0.559734513274336,-0.00884955752212389,0.00884955752212389,11,62,0.0420353982300885,0.176991150442478,452,1,370,210,0.567567567567568,82,39,0.475609756097561,0.559734513274336,0.43141592920354,32
7__NQ_ONLY__xgb_d2__0.0200,2026_YTD,FALSE,7,NQ_ONLY,xgb_d2,2,0.02,0.0708590626716613,1,83,0.0189152233363719,41,0.493975903614458,42,0.506024096385542,-0.0120481927710843,0.0240963855421687,10,45,0.072289156626506,0.253012048192771,83,1,80,40,0.5,3,1,0.333333333333333,0.506024096385542,0.469879518072289,33
7__NQ_ONLY__xgb_d2__0.1000,2026_YTD,FALSE,7,NQ_ONLY,xgb_d2,2,0.1,0.050739586353302,1,427,0.0973108477666363,211,0.494145199063232,225,0.526932084309134,-0.0327868852459016,0.0117096018735363,11,62,0.0351288056206089,0.159250585480094,427,1,355,182,0.512676056338028,72,29,0.402777777777778,0.526932084309134,0.46135831381733,34
60__NQ_ES__xgb_d3__0.2000,2026_YTD,FALSE,60,NQ_ES,xgb_d3,3,0.2,0.0467333316802979,1,763,0.182710727969349,389,0.509829619921363,392,0.513761467889908,-0.00393184796854522,0,11,56,0.0615989515072084,0.231979030144168,303,0.397116644823067,742,380,0.512129380053908,21,9,0.428571428571429,0.513761467889908,0.486238532110092,35
1__NQ_ES__xgb_d2__0.0200,2026_YTD,FALSE,1,NQ_ES,xgb_d2,2,0.02,0.0847645282745359,1,90,0.020501138952164,46,0.511111111111111,43,0.477777777777778,0.0333333333333333,0,11,42,0.0555555555555556,0.255555555555556,90,1,43,21,0.488372093023256,47,25,0.531914893617021,0.477777777777778,0.522222222222222,36
7__NQ_ES__xgb_d3__0.0200,2026_YTD,FALSE,7,NQ_ES,xgb_d3,3,0.02,0.0771461606025695,1,77,0.0175478577939836,38,0.493506493506494,35,0.454545454545455,0.038961038961039,0.025974025974026,11,39,0.0909090909090909,0.337662337662338,77,1,64,30,0.46875,13,8,0.615384615384615,0.454545454545455,0.51948051948052,37
1__NQ_ONLY__xgb_d2__0.2000,2026_YTD,FALSE,1,NQ_ONLY,xgb_d2,2,0.2,0.0495802640914917,1,950,0.216400911161731,500,0.526315789473684,457,0.481052631578947,0.0452631578947369,0.02,11,62,0.0263157894736842,0.126315789473684,950,1,675,345,0.511111111111111,275,155,0.563636363636364,0.481052631578947,0.498947368421053,38
5__NQ_ONLY__xgb_d3__0.0200,2026_YTD,FALSE,5,NQ_ONLY,xgb_d3,3,0.02,0.0760961288213729,1,83,0.0189109136477558,44,0.530120481927711,42,0.506024096385542,0.0240963855421687,0.0240963855421687,11,41,0.0602409638554217,0.265060240963855,83,1,59,31,0.525423728813559,24,13,0.541666666666667,0.506024096385542,0.469879518072289,39
7__NQ_ES__xgb_d4__0.1000,2026_YTD,FALSE,7,NQ_ES,xgb_d4,4,0.1,0.0583421587944031,1,447,0.101868732907931,230,0.514541387024609,239,0.534675615212528,-0.0201342281879195,0.0178970917225951,11,62,0.0469798657718121,0.192393736017897,447,1,325,174,0.535384615384615,122,56,0.459016393442623,0.534675615212528,0.447427293064877,40
7__NQ_ONLY__xgb_d2__0.0050,2026_YTD,FALSE,7,NQ_ONLY,xgb_d2,2,0.005,0.0818624675273895,1,15,0.00341841385597083,9,0.6,9,0.6,0,0,6,13,0.133333333333333,0.466666666666667,15,1,15,9,0.6,0,0,,0.6,0.4,41
5__NQ_ES__ranger__0.0500,2026_YTD,FALSE,5,NQ_ES,ranger,,0.05,0.056622064657687,1,200,0.0455684666210982,107,0.535,107,0.535,0,0.01,11,56,0.055,0.22,200,1,168,91,0.541666666666667,32,16,0.5,0.535,0.455,42
1__NQ_ES__xgb_d2__0.1000,2026_YTD,FALSE,1,NQ_ES,xgb_d2,2,0.1,0.0621542096138001,1,458,0.104328018223235,241,0.526200873362445,228,0.497816593886463,0.0283842794759825,0.0218340611353712,11,59,0.037117903930131,0.15938864628821,458,1,317,166,0.523659305993691,141,75,0.531914893617021,0.497816593886463,0.480349344978166,43
5__NQ_ONLY__xgb_d4__0.1000,2026_YTD,FALSE,5,NQ_ONLY,xgb_d4,4,0.1,0.0560714840888977,1,438,0.0997949419002051,239,0.545662100456621,232,0.529680365296804,0.0159817351598174,0.0091324200913242,11,61,0.045662100456621,0.189497716894977,438,1,317,175,0.55205047318612,121,64,0.528925619834711,0.529680365296804,0.461187214611872,44
7__NQ_ONLY__ranger__0.2000,2026_YTD,FALSE,7,NQ_ONLY,ranger,,0.2,0.0362777140396489,1,898,0.20464904284412,457,0.50890868596882,450,0.501113585746102,0.00779510022271715,0.012249443207127,11,62,0.0300668151447661,0.141425389755011,898,1,693,352,0.507936507936508,205,105,0.51219512195122,0.501113585746102,0.486636971046771,45
1__NQ_ES__xgb_d2__0.2000,2026_YTD,FALSE,1,NQ_ES,xgb_d2,2,0.2,0.0492357313632965,1,934,0.212756264236902,494,0.528907922912206,462,0.494646680942184,0.0342612419700214,0.0171306209850107,11,61,0.0289079229122056,0.134903640256959,934,1,676,352,0.520710059171598,258,142,0.550387596899225,0.494646680942184,0.488222698072805,46
5__NQ_ONLY__ranger__0.1000,2026_YTD,FALSE,5,NQ_ONLY,ranger,,0.1,0.0462066981361734,1,437,0.0995670995670996,235,0.537757437070938,241,0.551487414187643,-0.0137299771167048,0.0091533180778032,11,62,0.0389016018306636,0.183066361556064,437,1,351,195,0.555555555555556,86,40,0.465116279069768,0.551487414187643,0.439359267734554,47
7__NQ_ES__xgb_d3__0.2000,2026_YTD,FALSE,7,NQ_ES,xgb_d3,3,0.2,0.0424018800258636,1,912,0.207839562443026,478,0.524122807017544,476,0.521929824561403,0.00219298245614035,0.0142543859649123,11,62,0.0361842105263158,0.153508771929825,912,1,663,355,0.535444947209653,249,123,0.493975903614458,0.521929824561403,0.463815789473684,48
5__NQ_ES__xgb_d2__0.0500,2026_YTD,FALSE,5,NQ_ES,xgb_d2,2,0.05,0.0573762193322181,1,199,0.0453406242879927,108,0.542713567839196,105,0.527638190954774,0.0150753768844221,0.0100502512562814,11,58,0.0603015075376884,0.226130653266332,199,1,164,89,0.542682926829268,35,19,0.542857142857143,0.527638190954774,0.462311557788945,49
1__NQ_ONLY__xgb_d4__0.2000,2026_YTD,FALSE,1,NQ_ONLY,xgb_d4,4,0.2,0.0572014927864075,1,875,0.199316628701595,453,0.517714285714286,408,0.466285714285714,0.0514285714285714,0.0205714285714286,11,62,0.0285714285714286,0.136,875,1,592,293,0.494932432432433,283,160,0.565371024734982,0.466285714285714,0.513142857142857,50
